ancho_de_banda,serie,throughput_mbit,rtt_ms,intervalos,rtry,origen_thr
baseline,E4_principal_Prague,246,2.733,58,0,flujo
baseline,E4_ruido_Cubic,718,2.839,58,0,flujo
1mbit,E4_principal_Prague,0.0305,6.510,58,44,flujo
1mbit,E4_ruido_Cubic,0.953,21.081,58,1400,flujo
2mbit,E4_principal_Prague,0.47,5.007,58,195,flujo
2mbit,E4_ruido_Cubic,1.45,21.052,58,794,flujo
5mbit,E4_principal_Prague,1.96,1.897,58,3,flujo
5mbit,E4_ruido_Cubic,2.92,19.825,58,667,flujo
10mbit,E4_principal_Prague,4.19,1.110,58,1,flujo
10mbit,E4_ruido_Cubic,5.56,17.997,58,530,flujo
20mbit,E4_principal_Prague,8.8,0.745,58,4,flujo
20mbit,E4_ruido_Cubic,10.5,17.505,58,364,flujo
50mbit,E4_principal_Prague,24.2,0.698,58,0,flujo
50mbit,E4_ruido_Cubic,24.3,16.680,58,219,flujo
100mbit,E4_principal_Prague,49.8,0.603,58,0,flujo
100mbit,E4_ruido_Cubic,47.4,15.434,58,113,flujo
200mbit,E4_principal_Prague,104,0.531,58,0,flujo
200mbit,E4_ruido_Cubic,91.4,14.665,58,52,flujo
500mbit,E4_principal_Prague,242,0.583,58,0,flujo
500mbit,E4_ruido_Cubic,243,13.562,58,23,flujo
