escenario,buffer,repeticiones,prague_mbit,cubic_mbit,cuota_prague_pct,prague_min,prague_max
E1,0.5xBDP,10,24.46,69.87,25.93,20.98,27.50
E1,1xBDP,10,30.95,63.87,32.64,28.16,33.90
E1,2xBDP,10,45.17,49.64,47.65,39.79,55.60
E1,4xBDP,10,52.47,42.43,55.29,36.26,63.32
E1,8xBDP,10,37.74,57.12,39.78,32.43,45.74
E2,0.5xBDP,10,23.03,71.74,24.30,23.01,23.19
E2,1xBDP,10,23.03,71.79,24.29,23.01,23.19
E2,2xBDP,10,23.05,71.78,24.30,23.01,23.19
E2,4xBDP,10,23.01,71.83,24.26,23.01,23.01
E2,8xBDP,10,22.99,71.85,24.24,22.83,23.01
E3,0.5xBDP,10,23.07,71.39,24.42,23.01,23.19
E3,1xBDP,10,23.01,68.51,25.14,23.01,23.01
E3,2xBDP,10,23.05,71.65,24.34,23.01,23.19
E3,4xBDP,10,23.01,71.69,24.30,22.83,23.19
E3,8xBDP,10,23.03,71.66,24.32,23.01,23.19
E4,0.5xBDP,10,24.71,69.90,26.12,21.47,28.22
E4,1xBDP,10,54.84,39.96,57.85,50.46,57.94
E4,2xBDP,10,57.64,37.14,60.81,55.94,60.25
E4,4xBDP,10,56.62,38.14,59.75,53.52,58.56
E4,8xBDP,10,57.97,36.81,61.16,55.20,60.45
