ancho_de_banda,escenario,principal_mbit,ruido_mbit,cuota_principal_pct
baseline,E1,483,481,50.10
baseline,E2,484,483,50.05
baseline,E3,471,470,50.05
baseline,E4,246,718,25.52
1mbit,E1,0.949,0.39,70.87
1mbit,E2,0.494,0.483,50.56
1mbit,E3,0.586,0.391,59.98
1mbit,E4,0.0305,0.953,3.10
2mbit,E1,1.72,0.235,87.98
2mbit,E2,0.971,0.982,49.72
2mbit,E3,1.06,0.898,54.14
2mbit,E4,0.47,1.45,24.48
5mbit,E1,3.57,1.44,71.26
5mbit,E2,2.44,2.44,50.00
5mbit,E3,2.45,2.44,50.10
5mbit,E4,1.96,2.92,40.16
10mbit,E1,6.51,3.36,65.96
10mbit,E2,4.89,4.89,50.00
10mbit,E3,4.89,4.89,50.00
10mbit,E4,4.19,5.56,42.97
20mbit,E1,13.1,6.64,66.36
20mbit,E2,9.78,9.67,50.28
20mbit,E3,9.77,9.67,50.26
20mbit,E4,8.8,10.5,45.60
50mbit,E1,34.3,15.1,69.43
50mbit,E2,24.5,24.2,50.31
50mbit,E3,24.5,24.2,50.31
50mbit,E4,24.2,24.3,49.90
100mbit,E1,60.9,38.2,61.45
100mbit,E2,49,48.8,50.10
100mbit,E3,48.9,48.7,50.10
100mbit,E4,49.8,47.4,51.23
200mbit,E1,114,82.8,57.93
200mbit,E2,98,97.8,50.05
200mbit,E3,98.1,97.8,50.08
200mbit,E4,104,91.4,53.22
500mbit,E1,259,231,52.86
500mbit,E2,245,245,50.00
500mbit,E3,239,239,50.00
500mbit,E4,242,243,49.90
