prueba,caso,rep,modo,dir,cca,punto,rate_mbit,qdisc,ruido_dB,goodput_mbps,throughput_cliente_mbps,rtt_muestras,rtt_media_ms,rtt_mediana_ms,rtt_p95_ms,rtt_min_ms,rtt_max_ms,rtt_desv_ms,ce_entregadas,retransmisiones,aqm_enviados_pkt,aqm_descartes,ping_reposo_media_ms,ping_reposo_mediana_ms,ping_reposo_p95_ms,ping_reposo_perdidas_pct,ping_clasico_media_ms,ping_clasico_mediana_ms,ping_clasico_p95_ms,ping_clasico_perdidas_pct,ping_l4s_media_ms,ping_l4s_mediana_ms,ping_l4s_p95_ms,ping_l4s_perdidas_pct,harq_retx_dl_pct,harq_perdidos_dl,harq_retx_ul_pct,harq_perdidos_ul,ph_ul_db,pacing_tarde_pct,pacing_max_ms,pacing_reanclajes,bler_dl,mcs_dl,bler_ul,mcs_ul,nprb_ul,snr_ul_db,sinr_db,rsrp_dbm,factor_escala,rtt_media_corregida_ms,aqm_ecn_mark,aqm_step_marks,dualpi2_delay_c_ms,dualpi2_delay_l_ms,dualpi2_prob,cola_aqm_pkts,dualpi2_pkts_c,dualpi2_pkts_l
p001_dl_cubic_20_upf_pfifo_rep03,dl_cubic_20_upf_pfifo,3,rt,downlink,cubic,upf-tun0,20,pfifo,ninguno,19.1000,19.1000,80,452.9669,472.1570,576.7802,294.7670,589.7440,79.2185,0,182,102727,97,13.5107,14.2000,17.7000,0.0000,439.0156,458.0000,577.0000,0.3226,440.9421,461.0000,576.8000,0.0000,0.0000,0,0.0000,0,51.4423,0.0417,2.8000,0,0.0000,26.6923,0.0000,28,14.0769,22.4712,44.2269,-41.0000,1.0000,452.9644,,,,,,,,
p002_dl_cubic_sinlim_rep03,dl_cubic_sinlim,3,rt,downlink,cubic,ninguno,0,ninguno,ninguno,82.4000,82.4000,77,203.1880,194.4090,265.5288,123.8170,283.9410,34.9122,0,3245,,,13.4533,13.6000,17.4650,0.0000,193.7883,195.0000,277.6000,0.0000,193.7219,198.0000,279.0000,0.1613,0.0000,0,0.0000,0,51.7200,0.4608,11.5000,0,0.0000,27.2200,0.0000,28,30.7400,22.5800,44.2500,-41.0000,1.0000,203.1880,,,,,,,,
p003_dl_cubic_20_upf_pfifo_rep02,dl_cubic_20_upf_pfifo,2,rt,downlink,cubic,upf-tun0,20,pfifo,ninguno,19.1000,19.1000,79,400.2876,372.9190,555.9512,309.6810,585.9130,66.4326,0,188,102557,99,13.7470,13.4500,17.8100,0.0000,389.0144,375.0000,555.5000,0.0000,388.9553,374.0000,558.4000,0.0000,0.0000,0,0.0000,0,50.8654,0.0267,2.9000,0,0.0000,26.8077,0.0000,28,12.5577,22.3365,44.4827,-41.0000,1.0000,400.2848,,,,,,,,
p004_ul_cubic_20_upf_rep03,ul_cubic_20_upf,3,rt,uplink,cubic,upf-eth0,20,dualpi2,ninguno,17.0000,17.0000,77,32.0787,30.5620,42.8364,24.7610,50.2430,5.6771,0,53,135422,86,13.7490,13.6000,18.2850,0.0000,32.1614,30.8000,51.7200,0.3226,26.5633,26.1000,37.4000,0.0000,0.0000,0,0.0000,0,56.6200,0.5642,22.2000,0,0.0000,27.0400,0.0000,28,57.5000,23.7460,43.4580,-41.0000,1.0000,32.0786,22,0,7.6997,0.0000,0.0213,18.6034,134895,613
p005_dl_cubic_20_upf_rep03,dl_cubic_20_upf,3,rt,downlink,cubic,upf-tun0,20,dualpi2,ninguno,18.7000,18.7000,77,25.0485,24.5600,32.3766,14.9230,35.7880,4.5485,0,84,98538,84,13.5800,13.9500,17.5100,0.0000,24.9404,26.0000,36.2000,0.0000,15.3347,15.1000,22.9000,0.0000,0.0000,0,0.0000,0,50.9216,0.0764,6.0000,0,0.0000,26.9020,0.0000,28,11.0980,22.4784,44.4078,-41.0000,1.0000,25.0485,31,0,10.0884,0.0000,0.0207,18.0167,98003,619
p006_ul_cubic_20_upf_rep01,ul_cubic_20_upf,1,rt,uplink,cubic,upf-eth0,20,dualpi2,ninguno,16.7000,16.7000,77,31.2533,29.8510,41.2728,20.9410,44.4140,5.0426,0,52,132936,91,13.8137,13.7000,18.0850,0.0000,30.8416,29.8000,48.6000,0.0000,26.2091,26.1000,36.4000,0.0000,0.0000,0,0.0000,0,57.7200,0.5136,23.0000,0,0.0000,27.2400,0.0000,28,73.2000,23.8280,43.6440,-41.0000,1.0000,31.2532,15,0,5.9742,0.0000,0.0195,15.8475,132409,613
p007_dl_prague_20_upf_rep01,dl_prague_20_upf,1,rt,downlink,prague,upf-tun0,20,dualpi2,ninguno,14.0000,14.0000,76,14.4155,14.1660,17.4865,10.9960,19.6760,1.8959,7753,0,74525,0,13.2990,13.7000,17.3400,0.0000,15.3262,15.3000,23.3000,0.0000,15.1144,15.1000,23.3000,0.0000,0.0000,0,0.0000,0,51.3333,0.0486,3.3000,0,0.0000,26.9216,0.0000,28,23.5490,22.4863,44.6216,-41.0000,1.0000,14.4154,7899,7890,0.0000,0.1421,0.0004,0.3167,619,73906
p008_dl_prague_sinlim_rep03,dl_prague_sinlim,3,rt,downlink,prague,ninguno,0,ninguno,ninguno,19.7000,19.7000,79,13.6127,13.1750,17.1414,9.0780,17.5680,2.3235,0,0,,,13.5860,13.3000,18.3300,0.0000,15.3330,15.6000,22.0000,0.0000,14.9293,15.0000,22.4000,0.0000,0.0000,0,0.0000,0,52.5000,0.0629,3.8000,0,0.0000,26.4808,0.0000,28,30.2500,22.5385,44.3077,-41.0000,1.0000,13.6127,,,,,,,,
p009_dl_prague_20_upf_rep02,dl_prague_20_upf,2,rt,downlink,prague,upf-tun0,20,dualpi2,ninguno,14.0000,14.0000,76,14.5122,14.5865,17.4035,10.9530,20.5080,1.8681,7785,0,74690,0,13.2933,13.6500,17.5550,0.0000,14.9038,14.9000,22.2000,0.0000,15.1875,15.4000,22.6000,0.0000,0.0000,0,0.0000,0,52.3200,0.0664,10.2000,0,0.0000,27.1000,0.0000,28,19.9800,22.6040,44.1800,-41.0000,1.0000,14.5123,7920,7913,0.0000,0.1570,0.0002,0.3559,613,74077
p010_dl_cubic_sinlim_rep02,dl_cubic_sinlim,2,rt,downlink,cubic,ninguno,0,ninguno,ninguno,82.3000,82.3000,77,202.3784,188.7940,287.2090,112.7430,309.7240,39.5194,0,3042,,,13.6193,13.9000,17.8000,0.0000,193.0596,194.0000,281.8500,0.0000,192.7342,194.0000,283.8000,0.0000,0.0000,0,0.0000,0,53.2600,0.1200,5.8000,0,0.0000,27.1800,0.0000,28,46.1400,22.7800,44.4960,-41.0000,1.0000,202.3817,,,,,,,,
p011_ul_prague_20_upf_rep01,ul_prague_20_upf,1,rt,uplink,prague,upf-eth0,20,dualpi2,ninguno,4.9200,4.9100,77,17.3115,17.0920,20.4488,13.5440,21.1350,1.9175,4375,0,53886,0,13.3120,12.7500,17.6100,0.0000,16.9805,17.0000,25.8000,0.0000,16.6266,16.4000,26.0000,0.0000,0.0000,0,0.0000,0,55.8627,0.4443,29.6000,0,0.0000,26.8824,0.0000,28,41.2745,23.5451,44.0804,-41.0000,1.0000,17.3115,4563,4563,0.0753,0.1363,0.0000,0.6102,27433,26453
p012_ul_cubic_20_upf_rep02,ul_cubic_20_upf,2,rt,uplink,cubic,upf-eth0,20,dualpi2,ninguno,16.6000,16.6000,77,32.6559,30.4380,45.5862,22.4170,49.5070,6.6796,0,54,132389,81,13.8413,13.6500,18.2300,0.0000,30.7944,29.7000,49.9000,0.0000,25.9167,25.7000,36.4000,0.0000,0.0000,0,0.0000,0,57.2800,0.5507,27.9000,0,0.0000,27.0800,0.0000,28,66.1400,23.8380,44.0300,-41.0000,1.0000,32.6561,22,0,7.6544,0.0000,0.0178,19.4737,131857,613
p013_dl_prague_sinlim_rep02,dl_prague_sinlim,2,rt,downlink,prague,ninguno,0,ninguno,ninguno,16.6000,16.6000,79,13.3460,12.8570,16.9750,10.4830,17.9290,2.1403,0,0,,,13.6083,14.1500,17.9000,0.0000,15.5693,15.6000,22.8000,0.0000,15.9162,16.0000,23.1000,0.0000,0.0000,0,0.0000,0,52.1154,0.0436,3.1000,0,0.0000,26.7308,0.0000,28,20.4423,22.5173,44.6308,-41.0000,1.0000,13.3460,,,,,,,,
p014_ul_prague_20_upf_rep02,ul_prague_20_upf,2,rt,uplink,prague,upf-eth0,20,dualpi2,ninguno,4.9100,4.9100,78,18.0658,18.1200,20.4271,14.7100,21.4050,1.7570,4396,0,53885,0,14.0703,14.0500,18.5200,0.0000,16.9598,17.0000,25.6000,0.0000,17.2053,17.1000,25.5000,0.0000,0.0000,0,0.0000,0,56.1961,0.5358,24.5000,0,0.0000,27.1765,0.0000,28,51.4118,23.5176,44.2157,-41.0000,1.0000,18.0659,4611,4608,0.0552,0.0488,0.0001,0.2373,27437,26448
p015_dl_prague_sinlim_rep01,dl_prague_sinlim,1,rt,downlink,prague,ninguno,0,ninguno,ninguno,21.3000,21.3000,78,13.0223,12.7685,17.0897,9.8380,19.1270,2.3097,0,0,,,12.7113,12.7500,16.9000,0.0000,15.4088,15.6000,22.7000,0.0000,14.7347,14.8000,21.9000,0.0000,0.0000,0,0.0000,0,51.6275,0.0333,2.3000,0,0.0000,27.0392,0.0000,28,31.3922,22.4431,44.4471,-41.0000,1.0000,13.0223,,,,,,,,
p016_dl_cubic_sinlim_rep01,dl_cubic_sinlim,1,rt,downlink,cubic,ninguno,0,ninguno,ninguno,82.3000,82.3000,77,207.5919,196.8880,278.1824,111.9630,309.4260,37.3189,0,3308,,,13.2787,13.4500,17.6650,0.0000,196.6906,199.0000,286.8500,0.0000,196.3187,199.0000,286.7000,0.0000,0.0000,0,0.0000,0,51.3000,0.1783,4.6000,0,0.0000,26.8800,0.0000,28,29.8600,22.7700,44.3300,-41.0000,1.0000,207.5917,,,,,,,,
p017_dl_cubic_20_upf_rep01,dl_cubic_20_upf,1,rt,downlink,cubic,upf-tun0,20,dualpi2,ninguno,18.7000,18.7000,77,25.6683,25.1560,35.4694,16.7770,39.1050,5.1338,0,90,98529,90,13.8287,14.3000,17.7550,0.0000,25.2782,25.9000,38.6000,0.0000,15.4596,15.3000,23.1000,0.0000,0.0000,0,0.0000,0,50.8431,0.0433,4.2000,0,0.0000,26.9020,0.0000,28,10.5882,22.4647,44.5490,-41.0000,1.0000,25.6686,29,0,10.1585,0.0000,0.0240,17.3000,98000,619
p018_ul_prague_20_upf_rep03,ul_prague_20_upf,3,rt,uplink,prague,upf-eth0,20,dualpi2,ninguno,4.8900,4.8900,77,17.6118,17.6950,20.0718,13.9960,20.9700,1.7706,4306,0,53444,0,13.1940,12.7500,17.5000,0.0000,16.7613,16.8000,25.6000,0.0000,17.0391,17.5000,26.0000,0.0000,0.0000,0,0.0000,0,54.9800,0.3825,10.6000,0,0.0000,27.0600,0.0000,28,45.3400,23.5920,43.8860,-41.0000,1.0000,17.6118,4486,4484,0.0416,0.1039,0.0002,0.3559,27189,26255
p019_dl_prague_20_upf_rep03,dl_prague_20_upf,3,rt,downlink,prague,upf-tun0,20,dualpi2,ninguno,14.0000,13.9000,76,14.4703,14.3165,18.1427,10.8690,19.9470,2.0452,7886,0,74250,0,12.8603,12.6000,17.5000,0.0000,14.8873,14.9000,22.3000,0.0000,14.9181,14.7000,22.7000,0.0000,0.0000,0,0.0000,0,50.8235,0.0208,2.6000,0,0.0000,26.8824,0.0000,28,21.3922,22.5039,44.6882,-41.0000,1.0000,14.4703,8034,8025,0.0030,0.2815,0.0004,0.6000,619,73631
p020_dl_cubic_20_upf_pfifo_rep01,dl_cubic_20_upf_pfifo,1,rt,downlink,cubic,upf-tun0,20,pfifo,ninguno,19.1000,19.1000,78,492.6412,500.4480,577.8113,297.6550,588.4410,58.9450,0,159,102257,86,12.8580,12.7000,17.1050,0.0000,473.6277,501.5000,579.0000,0.1613,473.8310,503.0000,581.0000,0.1613,0.0000,0,0.0000,0,51.2549,0.0900,8.0000,0,0.0000,27.2353,0.0000,28,15.0392,22.3451,44.3647,-41.0000,1.0000,492.6416,,,,,,,,
p021_dl_cubic_20_upf_rep02,dl_cubic_20_upf,2,rt,downlink,cubic,upf-tun0,20,dualpi2,ninguno,18.6000,18.6000,77,22.8079,22.0960,31.1018,16.8070,35.9450,4.3966,0,93,98163,93,13.6587,13.9500,17.5650,0.0000,24.0923,24.9000,34.9000,0.0000,15.2206,15.4000,21.8000,0.0000,0.0000,0,0.0000,0,50.4706,0.0443,3.5000,0,0.0000,27.1176,0.0000,28,11.7451,22.3882,44.4510,-41.0000,1.0000,22.8081,31,0,8.9262,0.0000,0.0196,16.7288,97643,613
