caso,modo,dir,cca,punto,rate_mbit,qdisc,ruido_dB,n,goodput_mbps_media,goodput_mbps_desv,goodput_mbps_ic95,goodput_mbps_mediana,throughput_cliente_mbps_media,throughput_cliente_mbps_desv,throughput_cliente_mbps_ic95,throughput_cliente_mbps_mediana,rtt_muestras_media,rtt_muestras_desv,rtt_muestras_ic95,rtt_muestras_mediana,rtt_media_ms_media,rtt_media_ms_desv,rtt_media_ms_ic95,rtt_media_ms_mediana,rtt_mediana_ms_media,rtt_mediana_ms_desv,rtt_mediana_ms_ic95,rtt_mediana_ms_mediana,rtt_p95_ms_media,rtt_p95_ms_desv,rtt_p95_ms_ic95,rtt_p95_ms_mediana,rtt_min_ms_media,rtt_min_ms_desv,rtt_min_ms_ic95,rtt_min_ms_mediana,rtt_max_ms_media,rtt_max_ms_desv,rtt_max_ms_ic95,rtt_max_ms_mediana,rtt_desv_ms_media,rtt_desv_ms_desv,rtt_desv_ms_ic95,rtt_desv_ms_mediana,ce_entregadas_media,ce_entregadas_desv,ce_entregadas_ic95,ce_entregadas_mediana,retransmisiones_media,retransmisiones_desv,retransmisiones_ic95,retransmisiones_mediana,pacing_tarde_pct_media,pacing_tarde_pct_desv,pacing_tarde_pct_ic95,pacing_tarde_pct_mediana,pacing_max_ms_media,pacing_max_ms_desv,pacing_max_ms_ic95,pacing_max_ms_mediana,pacing_reanclajes_media,pacing_reanclajes_desv,pacing_reanclajes_ic95,pacing_reanclajes_mediana,bler_dl_media,bler_dl_desv,bler_dl_ic95,bler_dl_mediana,mcs_dl_media,mcs_dl_desv,mcs_dl_ic95,mcs_dl_mediana,bler_ul_media,bler_ul_desv,bler_ul_ic95,bler_ul_mediana,mcs_ul_media,mcs_ul_desv,mcs_ul_ic95,mcs_ul_mediana,nprb_ul_media,nprb_ul_desv,nprb_ul_ic95,nprb_ul_mediana,snr_ul_db_media,snr_ul_db_desv,snr_ul_db_ic95,snr_ul_db_mediana,sinr_db_media,sinr_db_desv,sinr_db_ic95,sinr_db_mediana,rsrp_dbm_media,rsrp_dbm_desv,rsrp_dbm_ic95,rsrp_dbm_mediana,factor_escala_media,factor_escala_desv,factor_escala_ic95,factor_escala_mediana,rtt_media_corregida_ms_media,rtt_media_corregida_ms_desv,rtt_media_corregida_ms_ic95,rtt_media_corregida_ms_mediana,aqm_enviados_pkt_media,aqm_enviados_pkt_desv,aqm_enviados_pkt_ic95,aqm_enviados_pkt_mediana,aqm_descartes_media,aqm_descartes_desv,aqm_descartes_ic95,aqm_descartes_mediana
dl_cubic_5_upf_fuerte,rt,downlink,cubic,upf-tun0,5,dualpi2,-2,10,2.3130,0.3989,0.2854,2.3550,2.3440,0.3168,0.2266,2.3550,81.3000,0.8233,0.5889,81.0000,4839.8205,1420.5203,1016.1084,5677.7734,4308.5060,1561.3592,1116.8515,4701.4200,8405.4388,2338.9910,1673.0971,8961.3855,2163.0418,983.0441,703.1785,2116.9400,8857.4930,2358.5642,1687.0979,9472.9800,1963.4388,786.4916,562.5831,2223.8975,0,0.0000,0.0000,0.0000,1059.6000,948.5565,678.5093,864.0000,0.5257,0.1833,0.1311,0.4637,4.9400,1.8584,1.3294,4.1000,0,0.0000,0.0000,0.0000,0.0984,0.0164,0.0117,0.1036,5.2469,0.8385,0.5998,5.2989,0.0000,0.0000,0.0000,0.0000,28,0.0000,0.0000,28.0000,5.1349,0.1481,0.1060,5.1120,22.3905,0.0536,0.0383,22.3843,4.1854,0.0814,0.0582,4.1678,-34.0761,0.0343,0.0245,-34.0696,1.0000,0.0000,0.0000,1.0000,4839.8201,1420.5194,1016.1078,5677.7634,13974.4000,993.5043,710.6608,13652.5000,1283.5000,1039.0606,743.2475,1373.5000
dl_cubic_5_upf_leve,rt,downlink,cubic,upf-tun0,5,dualpi2,-8,10,4.3200,1.3142,0.9400,4.7350,4.3235,1.2961,0.9271,4.7300,78.6000,1.3499,0.9656,78.0000,31.7126,1.9298,1.3804,32.2347,31.3976,1.9079,1.3647,31.7825,42.3668,5.7562,4.1175,43.8920,20.3436,2.3204,1.6598,19.7655,47.7168,7.7757,5.5620,49.0095,6.1526,2.1894,1.5661,6.8698,0,0.0000,0.0000,0.0000,229.1000,50.1630,35.8819,240.5000,1.6501,0.8701,0.6224,1.5114,18.2000,29.7074,21.2499,6.4500,0.1000,0.3162,0.2262,0.0000,0.0951,0.0143,0.0102,0.0907,20.5563,0.1804,0.1291,20.5490,0.0022,0.0071,0.0051,0.0000,28,0.0000,0.0000,28.0000,5.4705,0.2369,0.1694,5.5000,24.0517,4.9960,3.5737,22.4647,16.2261,0.1307,0.0935,16.1991,-35.2636,0.0532,0.0380,-35.2843,1.0000,0.0000,0.0000,1.0000,31.7125,1.9298,1.3804,32.2345,23033.3000,5894.5828,4216.4376,24878.5000,228.7000,52.3218,37.4261,241.5000
dl_cubic_5_upf_medio,rt,downlink,cubic,upf-tun0,5,dualpi2,-4,10,4.6140,0.0295,0.0211,4.6100,4.6140,0.0295,0.0211,4.6100,78.5000,0.7071,0.5058,79.0000,50.8851,6.2863,4.4966,51.7250,46.8798,6.1048,4.3668,44.8152,86.7205,13.9922,10.0087,88.9564,22.9338,1.7318,1.2387,22.9645,101.2427,14.8104,10.5940,100.4285,19.4593,4.7224,3.3780,20.0612,0,0.0000,0.0000,0.0000,132.3000,13.0814,9.3572,136.0000,1.4690,0.8134,0.5819,1.5350,10.1100,8.4209,6.0236,6.8000,0,0.0000,0.0000,0.0000,0.0898,0.0030,0.0021,0.0898,11.2579,0.1568,0.1121,11.2255,0.0000,0.0000,0.0000,0.0000,28,0.0000,0.0000,28.0000,5.2495,0.1530,0.1095,5.2745,22.4682,0.0865,0.0619,22.4402,8.2207,0.1491,0.1067,8.2363,-34.9842,0.0224,0.0160,-35.0000,1.0000,0.0000,0.0000,1.0000,50.8851,6.2862,4.4966,51.7245,24295.3000,185.3436,132.5776,24293.5000,133.2000,11.7265,8.3881,136.0000
dl_cubic_5_upf_sinruido,rt,downlink,cubic,upf-tun0,5,dualpi2,-50,10,4.7740,0.0070,0.0050,4.7750,4.7710,0.0074,0.0053,4.7700,78.3000,0.4830,0.3455,78.0000,30.9881,0.3748,0.2681,30.9807,30.7281,0.9428,0.6744,30.7455,41.7005,1.2836,0.9181,41.7851,18.0519,0.8455,0.6048,18.3370,46.7858,1.2659,0.9055,46.4360,6.5089,0.3182,0.2276,6.4584,0,0.0000,0.0000,0.0000,252.9000,27.4406,19.6285,254.5000,0.5458,0.3192,0.2283,0.4532,10.5200,16.3356,11.6850,4.6000,0,0.0000,0.0000,0.0000,0.0000,0.0000,0.0000,0.0000,26.8746,0.1319,0.0943,26.8725,0.0000,0.0000,0.0000,0.0000,28,0.0000,0.0000,28.0000,5.4121,0.2896,0.2072,5.3039,22.4927,0.0615,0.0440,22.5049,46.7919,0.0347,0.0248,46.8059,-36.0000,0.0000,0.0000,-36.0000,1.0000,0.0000,0.0000,1.0000,30.9881,0.3748,0.2681,30.9806,25079.5000,36.7643,26.2977,25078.0000,253.8000,27.2103,19.4637,256.5000
dl_cubic_sinlim_fuerte,rt,downlink,cubic,ninguno,0,ninguno,-2,10,2.5100,0.3387,0.2422,2.3600,2.5090,0.3392,0.2426,2.3600,81.3000,0.9487,0.6786,81.0000,7351.1444,1584.2522,1133.2270,7558.2990,7396.5625,2295.3913,1641.9099,7593.1000,11324.7777,1615.8018,1155.7947,11941.9850,2256.9816,1427.2424,1020.9168,2045.0350,11834.2710,1694.5635,1212.1335,12478.0500,2624.3016,616.0355,440.6546,2625.1797,0,0.0000,0.0000,0.0000,442.1000,637.7477,456.1855,68.5000,0.6668,0.3276,0.2344,0.5353,14.6500,24.6473,17.6304,5.2000,0,0.0000,0.0000,0.0000,0.1012,0.0045,0.0032,0.1010,5.7328,0.7427,0.5313,5.4958,0.0000,0.0000,0.0000,0.0000,28,0.0000,0.0000,28.0000,5.1189,0.1185,0.0848,5.1040,22.4311,0.0564,0.0404,22.4184,4.1338,0.1460,0.1044,4.1339,-34.0838,0.0335,0.0240,-34.0781,1.0000,0.0000,0.0000,1.0000,7351.1286,1584.2430,1133.2204,7558.3151,,,,,,,,
dl_cubic_sinlim_leve,rt,downlink,cubic,ninguno,0,ninguno,-8,10,11.2400,0.0516,0.0369,11.2000,11.2400,0.0516,0.0369,11.2000,80,0.6667,0.4769,80.0000,1725.7948,130.8159,93.5736,1771.6451,1766.9725,228.9550,163.7731,1892.9650,2248.7803,104.6575,74.8622,2223.2645,701.8154,142.0941,101.6410,698.4840,2526.8280,137.2074,98.1454,2540.1350,385.0134,28.9796,20.7293,380.6582,0,0.0000,0.0000,0.0000,2064.9000,338.0912,241.8391,2099.5000,2.6000,1.6311,1.1668,2.9057,28.7000,39.4301,28.2046,7.2000,0.2000,0.4216,0.3016,0.0000,0.0902,0.0021,0.0015,0.0902,20.7683,0.1389,0.0993,20.7212,0.0000,0.0000,0.0000,0.0000,28,0.0000,0.0000,28.0000,8.0290,0.4345,0.3108,7.9519,22.5580,0.0615,0.0440,22.5731,16.2107,0.1660,0.1187,16.2627,-35.2787,0.0814,0.0583,-35.2788,1.0000,0.0000,0.0000,1.0000,1725.7875,130.8247,93.5799,1771.6321,,,,,,,,
dl_cubic_sinlim_medio,rt,downlink,cubic,ninguno,0,ninguno,-4,10,4.8490,0.0486,0.0348,4.8400,4.8480,0.0496,0.0355,4.8400,81.2000,0.7888,0.5642,81.0000,3777.8355,412.1262,294.7968,3782.7072,3919.6455,698.7761,499.8396,3802.7025,5694.8256,340.6489,243.6686,5721.1488,728.0107,457.1456,326.9995,618.1970,6061.2590,319.1540,228.2932,6149.9650,1352.1286,258.4776,184.8909,1361.1026,0,0.0000,0.0000,0.0000,1639.1000,653.1147,467.1776,1756.5000,1.3757,0.9670,0.6917,1.0210,12.8500,9.7036,6.9411,7.3500,0,0.0000,0.0000,0.0000,0.0912,0.0024,0.0017,0.0911,11.3030,0.1169,0.0836,11.3276,0.0000,0.0000,0.0000,0.0000,28,0.0000,0.0000,28.0000,5.7115,0.3623,0.2591,5.7963,22.5477,0.0698,0.0500,22.5409,8.2413,0.1880,0.1345,8.2401,-34.9889,0.0178,0.0128,-34.9907,1.0000,0.0000,0.0000,1.0000,3777.8219,412.1257,294.7965,3782.6754,,,,,,,,
dl_cubic_sinlim_sinruido,rt,downlink,cubic,ninguno,0,ninguno,-50,10,17.4000,0.0000,0.0000,17.4000,17.4000,0.0000,0.0000,17.4000,78.9000,0.5676,0.4060,79.0000,901.8776,41.0940,29.3948,921.0134,877.2188,62.1455,44.4532,915.3165,1206.7937,42.0314,30.0654,1213.9010,511.7437,61.9395,44.3058,506.1490,1287.4980,50.3046,35.9832,1298.6750,158.6710,10.3911,7.4329,155.9247,0,0.0000,0.0000,0.0000,1457.5000,252.7200,180.7724,1370.0000,1.6499,1.1473,0.8206,1.2233,7.3200,5.0345,3.6012,5.0000,0,0.0000,0.0000,0.0000,0.0000,0.0000,0.0000,0.0000,26.9551,0.1921,0.1374,26.9510,0.0000,0.0000,0.0000,0.0000,28,0.0000,0.0000,28.0000,6.9740,0.8545,0.6112,6.8575,22.8149,0.1124,0.0804,22.8423,46.8177,0.0417,0.0299,46.8128,-36.0000,0.0000,0.0000,-36.0000,1.0000,0.0000,0.0000,1.0000,901.8761,41.0917,29.3932,921.0137,,,,,,,,
dl_prague_5_upf_fuerte,rt,downlink,prague,upf-tun0,5,dualpi2,-2,10,2.4140,0.1241,0.0888,2.3650,2.4140,0.1241,0.0888,2.3650,81.3000,0.8233,0.5889,81.5000,5413.3585,1400.2566,1001.6136,5591.3662,4963.3205,1493.4227,1068.2560,4587.0250,8681.6463,2537.0106,1814.7420,9879.6920,2467.6140,1060.4749,758.5653,2208.5000,9087.6900,2581.3743,1846.4756,10487.5500,1913.2779,913.2118,653.2270,2277.8558,2068.7000,1241.5225,888.0700,1593.5000,792.8000,1003.0108,717.4608,201.0000,0.9233,0.4998,0.3575,0.7810,6.9000,5.6533,4.0439,4.8000,0,0.0000,0.0000,0.0000,0.1024,0.0024,0.0017,0.1014,5.4422,0.3308,0.2366,5.3248,0.0000,0.0001,0.0001,0.0000,28,0.0000,0.0000,28.0000,5.1525,0.2092,0.1496,5.1186,22.4263,0.1060,0.0758,22.3984,4.2115,0.1384,0.0990,4.2224,-34.0959,0.0492,0.0352,-34.0918,1.0000,0.0000,0.0000,1.0000,5413.3502,1400.2538,1001.6116,5591.3596,13897.7000,666.0824,476.4536,13752.0000,1129,1020.5590,730.0132,1193.0000
dl_prague_5_upf_leve,rt,downlink,prague,upf-tun0,5,dualpi2,-8,10,4.7350,0.0118,0.0084,4.7300,4.7350,0.0118,0.0084,4.7300,78.3000,0.4830,0.3455,78.0000,31.7280,0.5389,0.3855,31.7869,31.0114,0.6692,0.4787,31.0442,43.8760,1.8737,1.3403,43.6888,18.4335,1.1741,0.8399,18.2115,49.5936,3.4765,2.4867,49.6355,6.9529,0.6488,0.4641,6.8150,2532.9000,63.4323,45.3736,2537.5000,10.2000,8.7661,6.2705,9.0000,1.7246,0.7455,0.5332,1.8141,10.1300,14.5954,10.4402,5.9500,0,0.0000,0.0000,0.0000,0.0912,0.0036,0.0026,0.0908,20.5790,0.1912,0.1368,20.5686,0.0000,0.0000,0.0000,0.0000,28,0.0000,0.0000,28.0000,5.2129,0.1285,0.0919,5.2157,22.4250,0.0722,0.0517,22.4235,16.2354,0.1232,0.0881,16.2265,-35.2425,0.0552,0.0395,-35.2376,1.0000,0.0000,0.0000,1.0000,31.7279,0.5390,0.3855,31.7869,24930.6000,58.0176,41.5004,24929.5000,10.2000,8.7661,6.2705,9.0000
dl_prague_5_upf_medio,rt,downlink,prague,upf-tun0,5,dualpi2,-4,10,4.6310,0.0233,0.0167,4.6300,4.6280,0.0244,0.0175,4.6300,78.6000,0.5164,0.3694,79.0000,49.5023,5.9353,4.2456,49.3626,44.5161,3.2987,2.3596,45.2075,89.4470,19.3924,13.8715,89.9749,21.7298,1.3209,0.9449,21.5830,107.0130,24.3045,17.3852,115.6365,20.2946,6.4009,4.5786,21.0073,1897.7000,86.3199,61.7452,1944.0000,0.5000,0.8498,0.6079,0.0000,0.9596,0.7217,0.5162,0.7000,12.0700,12.7112,9.0924,9.4500,0,0.0000,0.0000,0.0000,0.0916,0.0029,0.0020,0.0923,11.3305,0.1886,0.1349,11.3269,0.0000,0.0000,0.0000,0.0000,28,0.0000,0.0000,28.0000,5.1909,0.1069,0.0765,5.1555,22.4539,0.0637,0.0455,22.4440,8.2568,0.1315,0.0940,8.2708,-34.9902,0.0230,0.0165,-35.0000,1.0000,0.0000,0.0000,1.0000,49.5022,5.9353,4.2455,49.3626,24402.9000,139.3943,99.7097,24403.0000,0,0.0000,0.0000,0.0000
dl_prague_5_upf_sinruido,rt,downlink,prague,upf-tun0,5,dualpi2,-50,10,4.7670,0.0067,0.0048,4.7700,4.7590,0.0285,0.0204,4.7700,78.4000,0.6992,0.5001,78.0000,29.9023,0.5453,0.3901,29.8685,29.2973,0.6231,0.4457,29.3143,41.8575,1.5170,1.0851,41.8374,17.1976,0.9777,0.6994,17.4265,46.6948,2.1206,1.5169,46.0935,6.8615,0.3742,0.2676,6.9518,2654.1000,82.8633,59.2727,2651.5000,19.8000,24.6252,17.6146,13.0000,0.8989,0.4517,0.3231,0.7646,12.5600,17.0316,12.1828,5.7500,0,0.0000,0.0000,0.0000,0.0000,0.0000,0.0000,0.0000,26.9298,0.1608,0.1150,26.9314,0.0000,0.0000,0.0000,0.0000,28,0.0000,0.0000,28.0000,5.2491,0.1931,0.1382,5.2549,22.4392,0.0395,0.0283,22.4588,46.7873,0.0377,0.0270,46.7991,-36.0000,0.0000,0.0000,-36.0000,1.0000,0.0000,0.0000,1.0000,29.9024,0.5453,0.3901,29.8687,25065.6000,50.3415,36.0096,25072.5000,19.8000,24.6252,17.6146,13.0000
dl_prague_sinlim_fuerte,rt,downlink,prague,ninguno,0,ninguno,-2,9,2.5056,0.3083,0.2370,2.3600,2.5044,0.3089,0.2374,2.3600,80.8889,1.0541,0.8102,81,7468.5067,1917.7511,1474.1113,7000.9541,7646.5100,2457.7540,1889.1935,7065.2400,11021.1998,2013.1870,1547.4697,11150.5000,2917.6844,1654.8962,1272.0636,3148.8500,11536.6044,1856.9493,1427.3750,12168.8000,2367.5561,804.4650,618.3654,2532.9983,0,0.0000,0.0000,0,534.3333,688.8977,529.5327,69,1.0288,0.7071,0.5436,0.8833,9.1556,12.6855,9.7509,5.4000,0,0.0000,0.0000,0,0.1033,0.0048,0.0037,0.1046,5.7110,0.6992,0.5375,5.4167,0.0000,0.0001,0.0000,0.0000,28,0.0000,0.0000,28,5.1940,0.2147,0.1650,5.1296,22.4004,0.0666,0.0512,22.3932,4.0583,0.1786,0.1373,4.0111,-34.0893,0.0274,0.0211,-34.0847,1.0000,0.0000,0.0000,1.0000,7468.4792,1917.7493,1474.1100,7000.9651,,,,,,,,
dl_prague_sinlim_leve,rt,downlink,prague,ninguno,0,ninguno,-8,10,11.2200,0.0422,0.0302,11.2000,11.2200,0.0422,0.0302,11.2000,79.7000,1.3375,0.9567,80.0000,1629.2245,154.2210,110.3154,1566.0747,1604.6020,273.9972,195.9922,1461.6425,2213.0606,114.8672,82.1653,2234.3550,717.0379,205.1677,146.7579,659.8345,2440.1840,184.6455,132.0782,2498.0400,376.3882,48.3381,34.5766,375.1587,0,0.0000,0.0000,0.0000,2091.6000,508.0440,363.4075,1926.0000,2.4984,1.5416,1.1027,2.3812,11.7600,13.6275,9.7479,5.4000,0,0.0000,0.0000,0.0000,0.0896,0.0037,0.0027,0.0894,20.7512,0.1756,0.1256,20.7451,0.0000,0.0000,0.0000,0.0000,28,0.0000,0.0000,28.0000,8.3425,0.5021,0.3591,8.2236,22.5684,0.0923,0.0660,22.5777,16.2067,0.0976,0.0698,16.2196,-35.2546,0.0536,0.0383,-35.2428,1.0000,0.0000,0.0000,1.0000,1629.2216,154.2201,110.3148,1566.0766,,,,,,,,
dl_prague_sinlim_medio,rt,downlink,prague,ninguno,0,ninguno,-4,10,4.8180,0.0680,0.0486,4.8250,4.8160,0.0685,0.0490,4.8250,81.5000,0.5270,0.3770,81.5000,4039.2523,382.3887,273.5254,4195.1064,4156.2510,728.7202,521.2588,4448.4950,5900.3901,265.7930,190.1236,5927.7110,789.7765,677.0653,484.3097,585.4715,6295.0550,238.4503,170.5652,6336.2300,1341.9789,191.5257,136.9997,1388.4430,0,0.0000,0.0000,0.0000,1475.2000,544.7747,389.6813,1525.5000,1.5487,0.8441,0.6038,1.6875,24.3200,27.5755,19.7250,9.5500,0,0.0000,0.0000,0.0000,0.0916,0.0035,0.0025,0.0920,11.2712,0.1827,0.1307,11.2657,0.0000,0.0000,0.0000,0.0000,28,0.0000,0.0000,28.0000,5.6806,0.3376,0.2415,5.7247,22.5031,0.0576,0.0412,22.5045,8.1829,0.1705,0.1220,8.1489,-34.9907,0.0132,0.0094,-35.0000,1.0000,0.0000,0.0000,1.0000,4039.2377,382.3877,273.5247,4195.0778,,,,,,,,
dl_prague_sinlim_sinruido,rt,downlink,prague,ninguno,0,ninguno,-50,10,17.4000,0.0000,0.0000,17.4000,17.4000,0.0000,0.0000,17.4000,79.1000,0.3162,0.2262,79.0000,913.4845,34.8239,24.9098,930.6398,898.3426,54.5625,39.0289,911.2965,1198.7793,51.4109,36.7746,1227.2235,488.8701,65.4319,46.8039,488.0980,1294.0410,52.6080,37.6309,1290.9900,153.6006,13.3857,9.5749,155.9883,0,0.0000,0.0000,0.0000,1519.8000,252.2348,180.4254,1417.0000,1.2277,0.8109,0.5801,0.9193,10.7800,11.5379,8.2532,6.1000,0,0.0000,0.0000,0.0000,0.0000,0.0000,0.0000,0.0000,26.9076,0.1471,0.1052,26.9118,0.0000,0.0000,0.0000,0.0000,28,0.0000,0.0000,28.0000,6.0583,0.3492,0.2498,6.1250,22.9434,0.0906,0.0648,22.9145,46.7622,0.0466,0.0333,46.7447,-36.0000,0.0000,0.0000,-36.0000,1.0000,0.0000,0.0000,1.0000,913.4824,34.8229,24.9091,930.6347,,,,,,,,
