prueba,caso,rep,modo,dir,cca,punto,rate_mbit,qdisc,ruido_dB,goodput_mbps,throughput_cliente_mbps,rtt_muestras,rtt_media_ms,rtt_mediana_ms,rtt_p95_ms,rtt_min_ms,rtt_max_ms,rtt_desv_ms,ce_entregadas,retransmisiones,pacing_tarde_pct,pacing_max_ms,pacing_reanclajes,bler_dl,mcs_dl,bler_ul,mcs_ul,nprb_ul,snr_ul_db,sinr_db,rsrp_dbm,factor_escala,rtt_media_corregida_ms,aqm_enviados_pkt,aqm_descartes
p001_dl_cubic_sinlim_leve_rep10,dl_cubic_sinlim_leve,10,rt,downlink,cubic,ninguno,0,ninguno,-8,11.3000,11.3000,81,1852.0168,1975.3900,2188.9500,808.5160,2674.5400,371.9430,0,2128,0.8708,4.1000,0,0.0926,20.6923,0.0000,28,7.5385,22.4212,15.8385,-35.3462,1.0000,1852.0095,,
p002_dl_cubic_5_upf_fuerte_rep07,dl_cubic_5_upf_fuerte,7,rt,downlink,cubic,upf-tun0,5,dualpi2,-2,2.3500,2.3500,81,5642.0638,4696.6500,10443.0000,2444.6300,10743.2000,2712.9631,0,521,0.3975,3.6000,0,0.1030,5.2373,0.0000,28,5,22.4356,4.2322,-34.0678,1.0000,5642.0572,13071,1778
p003_dl_prague_sinlim_medio_rep09,dl_prague_sinlim_medio,9,rt,downlink,prague,ninguno,0,ninguno,-4,4.9200,4.9200,81,4169.2669,4506.0800,5339.1600,328.4550,5853.7600,1220.7025,0,1436,1.4407,61.6000,0,0.0859,11.3091,0.0000,28,5.7273,22.4836,8.3455,-34.9818,1.0000,4169.2376,,
p004_dl_cubic_sinlim_medio_rep03,dl_cubic_sinlim_medio,3,rt,downlink,cubic,ninguno,0,ninguno,-4,4.8400,4.8400,82,3874.5170,4126.1850,6123.8840,342.4890,6230.1700,1516.2917,0,2455,0.9228,6.6000,0,0.0932,11.3462,0.0000,28,6.0192,22.6019,7.9519,-34.9808,1.0000,3874.5140,,
p005_dl_prague_sinlim_leve_rep10,dl_prague_sinlim_leve,10,rt,downlink,prague,ninguno,0,ninguno,-8,11.3000,11.3000,81,1548.5709,1424.2800,2231.9100,555.6090,2269.8900,382.8697,0,1738,0.8171,28.0000,0,0.0916,21.0588,0.0000,28,8.2549,22.7706,16.2686,-35.1961,1.0000,1548.5660,,
p006_dl_prague_5_upf_sinruido_rep10,dl_prague_5_upf_sinruido,10,rt,downlink,prague,upf-tun0,5,dualpi2,-50,4.7700,4.7700,78,29.2665,29.2975,39.8910,17.7710,45.4780,6.2659,2578,0,0.4408,3.9000,0,0.0000,26.6667,0.0000,28,5.2941,22.3608,46.8059,-36.0000,1.0000,29.2665,25078,0
p007_dl_cubic_sinlim_medio_rep07,dl_cubic_sinlim_medio,7,rt,downlink,cubic,ninguno,0,ninguno,-4,4.8600,4.8600,81,3034.2330,2979.2100,5304.0200,705.5260,5825.4100,1474.3867,0,1246,1.1193,6.4000,0,0.0959,11.2778,0.0000,28,5.1852,22.6019,8.4037,-35.0185,1.0000,3034.2353,,
p008_dl_prague_sinlim_sinruido_rep05,dl_prague_sinlim_sinruido,5,rt,downlink,prague,ninguno,0,ninguno,-50,17.4000,17.4000,79,935.7946,916.8790,1241.6070,436.8270,1348.5900,159.6895,0,1360,0.8266,5.4000,0,0.0000,26.6346,0.0000,28,6.0962,22.8942,46.7154,-36.0000,1.0000,935.7946,,
p009_dl_cubic_5_upf_fuerte_rep08,dl_cubic_5_upf_fuerte,8,rt,downlink,cubic,upf-tun0,5,dualpi2,-2,2.3400,2.3400,81,5713.4830,5302.9800,10519.5000,1896.7800,10890.4000,2710.0090,0,1932,0.2894,4.1000,0,0.0986,5.4211,0.0000,28,5,22.3772,4.1333,-34.0702,1.0000,5713.4696,13602,1930
p010_dl_cubic_5_upf_sinruido_rep09,dl_cubic_5_upf_sinruido,9,rt,downlink,cubic,upf-tun0,5,dualpi2,-50,4.7800,4.7800,79,30.9331,30.5700,42.1785,19.1490,45.8930,6.4485,0,234,0.8693,8.4000,0,0.0000,26.9216,0.0000,28,5.9412,22.5078,46.7275,-36.0000,1.0000,30.9331,25078,234
p011_dl_prague_sinlim_leve_rep05,dl_prague_sinlim_leve,5,rt,downlink,prague,ninguno,0,ninguno,-8,11.2000,11.2000,78,1822.7914,1997.3600,2236.8000,985.4060,2262.1600,379.0008,0,2233,0.4475,3.6000,0,0.0899,20.7255,0.0000,28,7.8431,22.5294,16.2373,-35.2157,1.0000,1822.7821,,
p012_dl_prague_5_upf_medio_rep09,dl_prague_5_upf_medio,9,rt,downlink,prague,upf-tun0,5,dualpi2,-4,4.6400,4.6400,78,47.5537,40.4225,96.7396,24.4520,112.3170,21.5243,1967,0,0.2700,11.8000,0,0.0906,11.3529,0.0000,28,5.4118,22.5039,8.5098,-34.9412,1.0000,47.5536,24445,0
p013_dl_cubic_sinlim_fuerte_rep04,dl_cubic_sinlim_fuerte,4,rt,downlink,cubic,ninguno,0,ninguno,-2,2.3500,2.3500,82,7318.9312,7442.4100,12500.6800,1037.3000,13151.2000,3709.9517,0,3,0.5164,8.8000,0,0.1041,5.4915,0.0000,28,5.1186,22.3729,4.1000,-34.0847,1.0000,7318.9512,,
p014_dl_cubic_sinlim_leve_rep07,dl_cubic_sinlim_leve,7,rt,downlink,cubic,ninguno,0,ninguno,-8,11.3000,11.3000,80,1741.3798,1900.4900,2112.8620,708.5130,2558.9400,389.5828,0,2476,0.4571,8.2000,0,0.0940,20.6731,0.0000,28,8.2692,22.6192,16.1885,-35.1731,1.0000,1741.3784,,
p015_dl_prague_sinlim_medio_rep04,dl_prague_sinlim_medio,4,rt,downlink,prague,ninguno,0,ninguno,-4,4.7300,4.7300,82,4069.1632,4390.9100,6162.8775,722.3560,6641.7800,1489.4036,0,2012,0.4871,7.6000,0,0.0865,11.1111,0.0000,28,5.7222,22.5333,8.1833,-35.0000,1.0000,4069.1537,,
p016_dl_cubic_sinlim_fuerte_rep08,dl_cubic_sinlim_fuerte,8,rt,downlink,cubic,ninguno,0,ninguno,-2,2.7400,2.7400,81,7797.6669,8416.8500,11398.4000,858.4960,11887.7000,2769.5696,0,941,0.3064,3.9000,0,0.1062,6.2500,0.0000,28,5.2500,22.4268,4.1679,-34.0893,1.0000,7797.6790,,
p017_dl_prague_sinlim_sinruido_rep04,dl_prague_sinlim_sinruido,4,rt,downlink,prague,ninguno,0,ninguno,-50,17.4000,17.4000,79,859.9353,831.8060,1097.4210,524.1470,1175.8700,131.0771,0,1807,0.7217,8.6000,0,0.0000,26.7692,0.0000,28,6.2115,22.9250,46.7385,-36.0000,1.0000,859.9353,,
p018_dl_cubic_sinlim_medio_rep02,dl_cubic_sinlim_medio,2,rt,downlink,cubic,ninguno,0,ninguno,-4,4.8100,4.8000,80,3883.7257,4213.1850,5896.7900,397.7100,6346.4400,1521.1381,0,2475,0.4943,19.2000,0,0.0898,11.1698,0.0000,28,5.8491,22.6585,8.0415,-34.9811,1.0000,3883.7105,,
p019_dl_cubic_5_upf_medio_rep03,dl_cubic_5_upf_medio,3,rt,downlink,cubic,upf-tun0,5,dualpi2,-4,4.6100,4.6100,79,45.1491,43.4140,72.9149,19.0860,83.3930,13.7526,0,117,0.4617,12.8000,0,0.0893,11.1569,0.0000,28,5.3529,22.3745,8.1863,-35.0000,1.0000,45.1492,24323,116
p020_dl_prague_sinlim_sinruido_rep09,dl_prague_sinlim_sinruido,9,rt,downlink,prague,ninguno,0,ninguno,-50,17.4000,17.4000,79,917.7642,920.7740,1174.8950,480.7030,1269.0000,147.1716,0,1372,0.3228,4.9000,0,0.0000,26.9020,0.0000,28,6.2353,22.8706,46.8059,-36.0000,1.0000,917.7592,,
p021_dl_cubic_sinlim_leve_rep02,dl_cubic_sinlim_leve,2,rt,downlink,cubic,ninguno,0,ninguno,-8,11.2000,11.2000,80,1527.1254,1457.9100,2181.4595,688.4550,2424.8800,348.6446,0,1338,0.5175,6.6000,0,0.0906,21.0980,0.0000,28,7.5294,22.5804,16.3471,-35.2157,1.0000,1527.1290,,
p022_dl_cubic_5_upf_sinruido_rep01,dl_cubic_5_upf_sinruido,1,rt,downlink,cubic,upf-tun0,5,dualpi2,-50,4.7800,4.7800,78,31.0857,30.9210,42.8597,18.3050,46.2370,6.2859,0,233,0.1943,3.8000,0,0.0000,26.8039,0.0000,28,5.3922,22.4686,46.8059,-36.0000,1.0000,31.0857,25078,233
p023_dl_prague_5_upf_medio_rep01,dl_prague_5_upf_medio,1,rt,downlink,prague,upf-tun0,5,dualpi2,-4,4.6200,4.6200,79,42.8326,40.5730,67.3083,20.9340,85.1340,14.4689,1964,0,0.2450,3.3000,0,0.0943,11.4000,0.0000,28,5.1200,22.4260,8.2220,-35.0000,1.0000,42.8327,24349,0
p024_dl_cubic_5_upf_sinruido_rep10,dl_cubic_5_upf_sinruido,10,rt,downlink,cubic,upf-tun0,5,dualpi2,-50,4.7700,4.7700,79,31.7141,32.1260,43.3306,16.6020,49.6380,6.9110,0,299,0.2442,3.5000,0,0.0000,27.0400,0.0000,28,5.1800,22.5020,46.7800,-36.0000,1.0000,31.7141,25078,299
p025_dl_prague_sinlim_medio_rep08,dl_prague_sinlim_medio,8,rt,downlink,prague,ninguno,0,ninguno,-4,4.8500,4.8500,81,3550.4827,3381.9600,5915.9900,469.0520,6021.9700,1623.8539,0,1630,0.3528,4.4000,0,0.0969,11.3889,0.0000,28,5.1667,22.5741,8.5259,-35.0000,1.0000,3550.4688,,
p026_dl_cubic_5_upf_fuerte_rep04,dl_cubic_5_upf_fuerte,4,rt,downlink,cubic,upf-tun0,5,dualpi2,-2,2.3500,2.3500,81,3632.9563,2638.7500,7785.6800,1059.4500,8455.3600,2026.5370,0,2,0.4737,5.1000,0,0.1054,5.2759,0.0000,28,5.0345,22.3724,4.1672,-34.0862,1.0000,3632.9818,14288,92
p027_dl_prague_5_upf_medio_rep06,dl_prague_5_upf_medio,6,rt,downlink,prague,upf-tun0,5,dualpi2,-4,4.6200,4.6100,79,54.7465,47.7290,112.0589,20.3540,126.6310,25.7167,1818,0,0.7092,8.9000,0,0.0880,11.2308,0.0000,28,5.2500,22.3808,8.2577,-35.0000,1.0000,54.7465,24414,0
p028_dl_prague_sinlim_fuerte_rep03,dl_prague_sinlim_fuerte,3,rt,downlink,prague,ninguno,0,ninguno,-2,2.3700,2.3700,80,6491.4594,6016.9700,9555.6235,3148.8500,9967.5700,1527.0268,0,341,1.0143,42.8000,0,0.0982,5.4576,0.0000,28,5.0339,22.3932,3.9644,-34.0847,1.0000,6491.3808,,
p029_dl_prague_5_upf_fuerte_rep10,dl_prague_5_upf_fuerte,10,rt,downlink,prague,upf-tun0,5,dualpi2,-2,2.3500,2.3500,81,5999.7314,5454.3000,10387.5000,2101.4500,10871.8000,2562.5600,2503,1947,0.7757,4.6000,0,0.1006,5.3559,0.0000,28,5.1525,22.3373,4.3441,-34.1017,1.0000,5999.7079,13816,2280
p030_dl_cubic_sinlim_medio_rep10,dl_cubic_sinlim_medio,10,rt,downlink,cubic,ninguno,0,ninguno,-4,4.8600,4.8600,82,3687.5911,3460.2100,5729.3575,572.7340,6175.4200,1353.0392,0,1912,0.7371,5.7000,0,0.0903,11.1818,0.0000,28,5.8364,22.6164,8.1745,-35.0000,1.0000,3687.5436,,
p031_dl_prague_5_upf_medio_rep02,dl_prague_5_upf_medio,2,rt,downlink,prague,upf-tun0,5,dualpi2,-4,4.6100,4.6000,78,60.9839,48.9995,113.9757,21.6210,129.1300,31.5861,1719,0,0.6908,10.0000,0,0.0940,11.1373,0.0000,28,5.0980,22.5627,8.1157,-35.0196,1.0000,60.9839,24174,0
p032_dl_prague_sinlim_sinruido_rep10,dl_prague_sinlim_sinruido,10,rt,downlink,prague,ninguno,0,ninguno,-50,17.4000,17.4000,79,943.1919,989.5230,1151.2210,376.8150,1280.0600,161.3684,0,1382,0.9986,4.0000,0,0.0000,26.9412,0.0000,28,5.8235,22.9039,46.7235,-36.0000,1.0000,943.1886,,
p034_dl_prague_5_upf_medio_rep04,dl_prague_5_upf_medio,4,rt,downlink,prague,upf-tun0,5,dualpi2,-4,4.6500,4.6400,78,42.9743,40.2700,71.7451,21.6430,80.1840,14.0976,1967,1,0.4993,10.3000,0,0.0943,11.5800,0.0000,28,5.2800,22.3620,8.3200,-35.0000,1.0000,42.9743,24380,0
p035_dl_cubic_sinlim_sinruido_rep01,dl_cubic_sinlim_sinruido,1,rt,downlink,cubic,ninguno,0,ninguno,-50,17.4000,17.4000,79,845.4310,786.8790,1212.2900,608.1900,1340.7700,166.5606,0,1711,1.5400,5.0000,0,0.0000,26.9020,0.0000,28,6.3725,22.8725,46.8294,-36.0000,1.0000,845.4363,,
p036_dl_prague_sinlim_medio_rep10,dl_prague_sinlim_medio,10,rt,downlink,prague,ninguno,0,ninguno,-4,4.8400,4.8400,82,4318.4332,4088.1800,6038.0300,2454.0500,6526.5200,999.7680,0,38,1.6121,4.2000,0,0.0950,11.4906,0.0000,28,5.7358,22.4396,8.2811,-34.9623,1.0000,4318.4332,,
p037_dl_cubic_sinlim_fuerte_rep06,dl_cubic_sinlim_fuerte,6,rt,downlink,cubic,ninguno,0,ninguno,-2,3.4100,3.4100,81,5455.3261,5183.8600,8744.5800,850.1640,8882.4100,2192.9314,0,1845,1.1242,5.2000,0,0.1097,7.6667,0.0000,28,5,22.5593,4.2241,-34.1111,1.0000,5455.2750,,
p038_dl_cubic_5_upf_fuerte_rep03,dl_cubic_5_upf_fuerte,3,rt,downlink,cubic,upf-tun0,5,dualpi2,-2,1.3200,1.6300,82,1805.0921,1325.9350,4586.9525,801.8680,5027.9000,1338.7718,0,976,0.4004,4.8000,0,0.0521,3.2245,0.0000,28,5.0714,22.3439,4.1684,-34.0714,1.0000,1805.0935,14398,969
p039_dl_prague_5_upf_leve_rep08,dl_prague_5_upf_leve,8,rt,downlink,prague,upf-tun0,5,dualpi2,-8,4.7500,4.7500,78,32.1085,30.7900,43.0997,20.4200,44.8540,6.2572,2470,0,1.4350,8.9000,0,0.0904,20.7059,0.0000,28,5.1765,22.3294,16.2863,-35.2353,1.0000,32.1084,24989,0
p040_dl_cubic_5_upf_fuerte_rep09,dl_cubic_5_upf_fuerte,9,rt,downlink,cubic,upf-tun0,5,dualpi2,-2,2.3600,2.3600,81,5779.1109,4706.1900,10378.9000,2241.9000,10834.5000,2555.0886,0,1858,0.4007,3.6000,0,0.1041,5.3220,0.0000,28,5.1525,22.3237,4.2390,-34.0678,1.0000,5779.1131,13703,2353
p041_dl_cubic_5_upf_fuerte_rep05,dl_cubic_5_upf_fuerte,5,rt,downlink,cubic,upf-tun0,5,dualpi2,-2,2.3500,2.3500,81,6250.6320,6443.4500,10288.6000,1991.9800,10756.9000,2421.2580,0,2228,0.5571,4.0000,0,0.1036,5.3818,0.0000,28,5.1636,22.3382,4.1509,-34.0182,1.0000,6250.6686,13039,2362
p042_dl_cubic_5_upf_leve_rep04,dl_cubic_5_upf_leve,4,rt,downlink,cubic,upf-tun0,5,dualpi2,-8,4.7300,4.7300,79,32.2045,31.7970,43.3505,19.6790,53.3450,6.8869,0,260,1.5450,12.6000,0,0.0882,20.4902,0.0000,28,5.3725,22.4588,16.4039,-35.2549,1.0000,32.2042,24876,260
p043_dl_prague_5_upf_sinruido_rep09,dl_prague_5_upf_sinruido,9,rt,downlink,prague,upf-tun0,5,dualpi2,-50,4.7800,4.7800,78,30.0036,28.9285,43.2254,16.0120,48.1910,6.8388,2555,0,0.4800,5.6000,0,0.0000,27.1800,0.0000,28,5.0400,22.4840,46.8040,-36.0000,1.0000,30.0038,25078,0
p044_dl_prague_sinlim_leve_rep03,dl_prague_sinlim_leve,3,rt,downlink,prague,ninguno,0,ninguno,-8,11.2000,11.2000,78,1877.6723,2038.1700,2306.7925,508.0960,2520.8900,468.7475,0,3261,3.5565,4.9000,0,0.0852,20.5294,0.0000,28,7.7059,22.4647,16.2549,-35.2549,1.0000,1877.6671,,
p045_dl_prague_sinlim_fuerte_rep07,dl_prague_sinlim_fuerte,7,rt,downlink,prague,ninguno,0,ninguno,-2,2.3500,2.3500,81,9766.7736,10687.4000,13046.7000,4356.5500,13239.9000,2552.2640,0,35,2.8142,5.4000,0,0.1100,5.3889,0.0002,28,5.1296,22.5074,4.3463,-34.0741,1.0000,9766.7812,,
p046_dl_prague_sinlim_fuerte_rep05,dl_prague_sinlim_fuerte,5,rt,downlink,prague,ninguno,0,ninguno,-2,2.3600,2.3600,82,6499.0473,6479.9650,8595.7515,4577.2900,9172.6700,1070.6611,0,2,0.4331,7.5000,0,0.1046,5.4500,0.0000,28,5.2333,22.2917,4.0283,-34.1000,1.0000,6499.0321,,
p047_dl_cubic_sinlim_sinruido_rep09,dl_cubic_sinlim_sinruido,9,rt,downlink,cubic,ninguno,0,ninguno,-50,17.4000,17.4000,79,931.5831,916.9540,1233.7630,531.3910,1310.6300,152.0824,0,1309,0.3600,15.7000,0,0.0000,27.0196,0.0000,28,7.1765,22.6392,46.7941,-36.0000,1.0000,931.5787,,
p048_dl_cubic_5_upf_medio_rep08,dl_cubic_5_upf_medio,8,rt,downlink,cubic,upf-tun0,5,dualpi2,-4,4.6100,4.6100,78,51.3610,43.7515,93.6231,22.9840,111.3340,22.5498,0,135,0.3058,3.7000,0,0.0903,11.2157,0.0000,28,5.0392,22.4196,8.3373,-34.9804,1.0000,51.3605,24264,135
p049_dl_prague_sinlim_leve_rep07,dl_prague_sinlim_leve,7,rt,downlink,prague,ninguno,0,ninguno,-8,11.2000,11.2000,81,1827.7798,1955.7100,2215.0600,699.3850,2235.5700,371.3165,0,2569,0.8243,44.6000,0,0.0888,20.4808,0.0000,28,9.2692,22.5923,16.2019,-35.3269,1.0000,1827.7798,,
p050_dl_cubic_5_upf_sinruido_rep08,dl_cubic_5_upf_sinruido,8,rt,downlink,cubic,upf-tun0,5,dualpi2,-50,4.7600,4.7600,78,30.7287,31.6420,39.6080,18.4320,46.6350,6.3194,0,276,0.3367,4.3000,0,0.0000,26.8235,0.0000,28,5.1765,22.4353,46.8294,-36.0000,1.0000,30.7287,25063,276
p051_dl_cubic_5_upf_fuerte_rep10,dl_cubic_5_upf_fuerte,10,rt,downlink,cubic,upf-tun0,5,dualpi2,-2,2.3600,2.3600,83,5764.5529,5793.5700,7515.6440,4357.2900,8334.1600,992.0436,0,3,0.4538,3.6000,0,0.1046,5.3621,0.0000,28,5,22.3914,4.3052,-34.0690,1.0000,5764.5214,14342,15
p052_dl_prague_sinlim_sinruido_rep08,dl_prague_sinlim_sinruido,8,rt,downlink,prague,ninguno,0,ninguno,-50,17.4000,17.4000,80,938.4547,908.0850,1237.3015,445.8550,1328.8700,156.1569,0,1551,0.8400,3.7000,0,0.0000,26.9216,0.0000,28,5.2745,22.9353,46.7510,-36.0000,1.0000,938.4510,,
p053_dl_prague_sinlim_medio_rep03,dl_prague_sinlim_medio,3,rt,downlink,prague,ninguno,0,ninguno,-4,4.7400,4.7400,81,3836.0322,3612.6600,5740.7600,320.1600,6210.8600,1258.2931,0,1650,1.9471,78.7000,0,0.0906,10.9818,0.0000,28,5.2545,22.5018,8.2564,-35.0000,1.0000,3836.0307,,
p054_dl_prague_sinlim_fuerte_rep09,dl_prague_sinlim_fuerte,9,rt,downlink,prague,ninguno,0,ninguno,-2,2.3600,2.3600,81,5597.0568,5194.2300,11150.5000,1058.2600,12168.8000,3550.1857,0,2,1.1564,3.4000,0,0.0953,5.4167,0.0000,28,5,22.4350,3.7867,-34.0667,1.0000,5597.0218,,
p055_dl_cubic_5_upf_leve_rep03,dl_cubic_5_upf_leve,3,rt,downlink,cubic,upf-tun0,5,dualpi2,-8,0.5800,0.6350,82,26.3650,26.3650,26.3650,26.3650,26.3650,0.0000,0,93,0.5058,3.6000,0,0.1347,20.3750,0.0225,28,5,38.2700,16.1000,-35.1538,1.0000,26.3650,6258,86
p056_dl_prague_5_upf_leve_rep06,dl_prague_5_upf_leve,6,rt,downlink,prague,upf-tun0,5,dualpi2,-8,4.7400,4.7400,78,31.8608,31.3235,43.5463,17.9580,51.7180,6.9729,2443,0,0.2693,6.2000,0,0.0931,20.7255,0.0000,28,5.0784,22.5235,16.2216,-35.2157,1.0000,31.8607,24989,0
p057_dl_cubic_5_upf_sinruido_rep05,dl_cubic_5_upf_sinruido,5,rt,downlink,cubic,upf-tun0,5,dualpi2,-50,4.7800,4.7800,79,31.3518,31.6900,39.7580,17.0150,46.0640,6.1006,0,242,0.2175,3.5000,0,0.0000,26.6667,0.0000,28,5.1373,22.5078,46.7471,-36.0000,1.0000,31.3518,25078,243
p058_dl_cubic_5_upf_leve_rep06,dl_cubic_5_upf_leve,6,rt,downlink,cubic,upf-tun0,5,dualpi2,-8,4.7200,4.7200,78,31.8095,30.7775,45.0259,19.6070,48.6830,6.9466,0,235,0.4171,4.9000,0,0.0942,20.2941,0.0000,28,5.3137,22.5549,16.0412,-35.2157,1.0000,31.8094,24806,235
p059_dl_cubic_sinlim_medio_rep04,dl_cubic_sinlim_medio,4,rt,downlink,cubic,ninguno,0,ninguno,-4,4.8000,4.8000,81,3347.6523,3479.2200,5951.3800,644.2320,6442.7400,1737.1545,0,1758,0.2214,3.9000,0,0.0923,11.3585,0.0000,28,5.6415,22.5208,8.0604,-35.0000,1.0000,3347.6497,,
p060_dl_prague_sinlim_medio_rep02,dl_prague_sinlim_medio,2,rt,downlink,prague,ninguno,0,ninguno,-4,4.8800,4.8800,81,4256.6406,4704.9300,5905.5000,639.2570,6405.0300,1332.9451,0,1531,0.5550,47.6000,0,0.0941,11.5094,0.0000,28,5.8113,22.4302,8.0887,-35.0000,1.0000,4256.6390,,
p061_dl_cubic_sinlim_fuerte_rep10,dl_cubic_sinlim_fuerte,10,rt,downlink,cubic,ninguno,0,ninguno,-2,2.3600,2.3600,80,9144.8693,10303.1500,12998.6800,965.8460,13068.4000,3054.9289,0,89,0.3207,3.4000,0,0.0981,5.1833,0.0000,28,5.3500,22.4633,3.8300,-34.0667,1.0000,9144.8265,,
p062_dl_cubic_sinlim_leve_rep04,dl_cubic_sinlim_leve,4,rt,downlink,cubic,ninguno,0,ninguno,-8,11.2000,11.2000,79,1793.5394,1900.4400,2266.4190,657.7290,2454.9100,389.3735,0,2224,1.9114,40.6000,0,0.0881,20.7308,0.0000,28,8.7115,22.5692,16.3269,-35.3846,1.0000,1793.5380,,
p063_dl_prague_5_upf_medio_rep10,dl_prague_5_upf_medio,10,rt,downlink,prague,upf-tun0,5,dualpi2,-4,4.6200,4.6200,79,53.6128,47.6640,114.0294,22.1690,138.7910,26.5921,1808,0,1.9849,3.9000,0,0.0947,11.0784,0.0000,28,5.0980,22.4255,8.2078,-35.0000,1.0000,53.6124,24392,0
p064_dl_prague_5_upf_sinruido_rep02,dl_prague_5_upf_sinruido,2,rt,downlink,prague,upf-tun0,5,dualpi2,-50,4.7700,4.7700,78,30.1962,29.4170,42.0091,15.6040,45.6170,7.1092,2718,56,1.8850,10.6000,0,0.0000,26.9412,0.0000,28,5.3137,22.4627,46.8294,-36.0000,1.0000,30.1961,25074,56
p065_dl_prague_sinlim_medio_rep06,dl_prague_sinlim_medio,6,rt,downlink,prague,ninguno,0,ninguno,-4,4.8000,4.8000,82,4228.2900,4682.6650,5643.4790,1446.3400,6161.1900,1120.7806,0,1512,2.8471,8.4000,0,0.0902,11.2222,0.0000,28,6.0370,22.5537,8.0241,-35.0000,1.0000,4228.2702,,
p066_dl_cubic_sinlim_sinruido_rep05,dl_cubic_sinlim_sinruido,5,rt,downlink,cubic,ninguno,0,ninguno,-50,17.4000,17.4000,79,847.5385,793.9410,1215.5120,610.1410,1309.5900,174.4164,0,1552,3.0813,4.8000,0,0.0000,26.8269,0.0000,28,6.5385,22.8365,46.8538,-36.0000,1.0000,847.5345,,
p067_dl_prague_5_upf_fuerte_rep08,dl_prague_5_upf_fuerte,8,rt,downlink,prague,upf-tun0,5,dualpi2,-2,2.3600,2.3600,82,7120.9015,7458.1400,8765.2970,3277.1600,9048.1200,1430.7913,1848,0,2.1878,7.1000,0,0.1043,5.2881,0.0002,28,5.0847,22.6881,4.2814,-34.1186,1.0000,7120.8987,14449,0
p068_dl_prague_5_upf_leve_rep02,dl_prague_5_upf_leve,2,rt,downlink,prague,upf-tun0,5,dualpi2,-8,4.7300,4.7300,78,31.9209,32.1185,44.3426,17.9530,51.3220,7.2820,2578,9,2.4999,4.1000,0,0.0950,20.5294,0.0000,28,5.2745,22.4431,16.2314,-35.1373,1.0000,31.9208,24929,9
p069_dl_prague_sinlim_leve_rep06,dl_prague_sinlim_leve,6,rt,downlink,prague,ninguno,0,ninguno,-8,11.2000,11.2000,79,1497.1300,1367.5500,1966.0180,575.1410,2475.1900,356.8103,0,1897,4.5590,4.9000,0,0.0880,20.7647,0.0000,28,8.0392,22.6020,16.1686,-35.1961,1.0000,1497.1347,,
p070_dl_cubic_5_upf_leve_rep10,dl_cubic_5_upf_leve,10,rt,downlink,cubic,upf-tun0,5,dualpi2,-8,4.7500,4.7500,78,31.5278,31.4850,42.6441,21.3290,49.3360,6.0389,0,224,2.6363,27.8000,0,0.0867,20.4510,0.0000,28,5.5294,22.4667,16.1510,-35.3137,1.0000,31.5276,24918,225
p071_dl_cubic_sinlim_medio_rep08,dl_cubic_sinlim_medio,8,rt,downlink,cubic,ninguno,0,ninguno,-4,4.8100,4.8100,80,3501.1602,3307.0100,4967.0625,1869.7800,5336.2300,762.8510,0,240,3.0028,22.4000,0,0.0919,11.1091,0.0000,28,5.1636,22.4836,8.4545,-34.9636,1.0000,3501.1671,,
p072_dl_prague_5_upf_fuerte_rep01,dl_prague_5_upf_fuerte,1,rt,downlink,prague,upf-tun0,5,dualpi2,-2,2.4800,2.4800,82,4240.5134,4180.0750,4984.9940,3209.1600,5481.9600,508.2734,1030,1,0.7862,7.9000,0,0.0987,5.7018,0.0000,28,5,22.3404,4.0684,-34.1579,1.0000,4240.5051,14249,0
p073_dl_prague_5_upf_sinruido_rep04,dl_prague_5_upf_sinruido,4,rt,downlink,prague,upf-tun0,5,dualpi2,-50,4.7700,4.7700,79,31.0881,30.6670,42.5403,18.2840,50.6250,6.4419,2686,13,1.3250,10.4000,0,0.0000,26.9020,0.0000,28,5.0392,22.4686,46.7941,-36.0000,1.0000,31.0881,25109,13
p074_dl_prague_5_upf_fuerte_rep03,dl_prague_5_upf_fuerte,3,rt,downlink,prague,upf-tun0,5,dualpi2,-2,2.3500,2.3500,81,2238.6059,2334.9900,3200.4200,1104.6300,3388.8200,669.9846,1410,2,1.1162,4.2000,0,0.1042,5.2951,0.0000,28,5.1639,22.3787,4.3279,-34.1311,1.0000,2238.6059,13269,0
p075_dl_prague_sinlim_fuerte_rep04,dl_prague_sinlim_fuerte,4,rt,downlink,prague,ninguno,0,ninguno,-2,2.3600,2.3600,81,9820.9846,10800.6000,12935.3000,4541.1800,13376.4000,2532.9983,0,69,0.8833,3.4000,0,0.1060,5.2830,0.0000,28,5.0943,22.3717,4.2170,-34.0755,1.0000,9820.9731,,
p076_dl_cubic_sinlim_sinruido_rep04,dl_cubic_sinlim_sinruido,4,rt,downlink,cubic,ninguno,0,ninguno,-50,17.4000,17.4000,79,933.7628,916.8550,1234.7870,533.4400,1330.1600,153.3285,0,1303,2.2478,17.6000,0,0.0000,26.8824,0.0000,28,7.9412,22.8000,46.7706,-36.0000,1.0000,933.7559,,
p077_dl_prague_5_upf_fuerte_rep07,dl_prague_5_upf_fuerte,7,rt,downlink,prague,upf-tun0,5,dualpi2,-2,2.3900,2.3900,82,7052.0090,7256.7950,8648.5830,4376.3200,9159.5000,1100.2428,1643,0,0.5257,4.5000,0,0.1011,5.2931,0.0000,28,5.1552,22.3948,4.2431,-34.0517,1.0000,7051.9870,14298,287
p078_dl_prague_5_upf_leve_rep01,dl_prague_5_upf_leve,1,rt,downlink,prague,upf-tun0,5,dualpi2,-8,4.7500,4.7500,79,31.8745,30.6770,43.8313,18.4790,48.7160,6.6204,2460,0,1.1985,3.8000,0,0.0896,20.6078,0.0000,28,5,22.5020,16.3824,-35.2549,1.0000,31.8743,24981,0
p079_dl_cubic_5_upf_sinruido_rep04,dl_cubic_5_upf_sinruido,4,rt,downlink,cubic,upf-tun0,5,dualpi2,-50,4.7800,4.7700,78,30.3000,29.6495,41.9315,18.3690,47.3100,7.0606,0,267,1.0458,56.6000,0,0.0000,27.1176,0.0000,28,5.1373,22.5255,46.7706,-36.0000,1.0000,30.2999,25074,270
p080_dl_cubic_sinlim_fuerte_rep07,dl_cubic_sinlim_fuerte,7,rt,downlink,cubic,ninguno,0,ninguno,-2,2.3600,2.3600,82,9951.7717,10877.2500,13012.3450,4647.6700,13461.0000,2480.7898,0,48,0.5257,4.9000,0,0.0963,5.2321,0.0000,28,5.1607,22.3679,4.2161,-34.0536,1.0000,9951.7251,,
p081_dl_cubic_sinlim_medio_rep01,dl_cubic_sinlim_medio,1,rt,downlink,cubic,ninguno,0,ninguno,-4,4.9100,4.9100,82,4229.1473,4697.5650,5693.2920,592.1620,6211.3900,1343.2285,0,1755,0.7021,4.0000,0,0.0903,11.4444,0.0000,28,5.8148,22.4500,8.4889,-35.0000,1.0000,4229.1176,,
p082_dl_cubic_5_upf_sinruido_rep02,dl_cubic_5_upf_sinruido,2,rt,downlink,cubic,upf-tun0,5,dualpi2,-50,4.7800,4.7700,78,30.9779,31.2250,41.3043,17.7270,44.9930,6.4683,0,210,0.3400,7.6000,0,0.0000,26.8824,0.0000,28,5.2157,22.4588,46.8059,-36.0000,1.0000,30.9778,25170,213
p083_dl_prague_5_upf_medio_rep08,dl_prague_5_upf_medio,8,rt,downlink,prague,upf-tun0,5,dualpi2,-4,4.6500,4.6500,79,51.1715,44.5380,89.3633,23.3220,124.1120,21.7262,1946,2,0.9828,3.6000,0,0.0939,11.1923,0.0000,28,5.1346,22.4173,8.3038,-34.9615,1.0000,51.1717,24610,0
p084_dl_cubic_5_upf_fuerte_rep01,dl_cubic_5_upf_fuerte,1,rt,downlink,cubic,upf-tun0,5,dualpi2,-2,2.9700,2.9700,81,3699.9426,3655.3300,4613.3400,2823.0300,4764.0700,467.7013,0,3,0.7121,4.1000,0,0.1056,6.7193,0.0000,28,5.2281,22.4298,4.0807,-34.1579,1.0000,3699.9310,16421,1
p085_dl_prague_5_upf_medio_rep07,dl_prague_5_upf_medio,7,rt,downlink,prague,upf-tun0,5,dualpi2,-4,4.6400,4.6400,79,43.7941,42.8990,69.0810,21.1590,74.1630,12.9264,1942,0,1.3466,45.6000,0,0.0900,11.3137,0.0000,28,5.1765,22.4745,8.3275,-35.0000,1.0000,43.7942,24527,0
p086_dl_prague_5_upf_leve_rep03,dl_prague_5_upf_leve,3,rt,downlink,prague,upf-tun0,5,dualpi2,-8,4.7300,4.7300,79,30.6975,29.4910,42.2843,16.3580,46.2670,6.1738,2649,24,1.6507,51.4000,0,0.0913,20.7255,0.0000,28,5.2941,22.3667,16.1980,-35.1961,1.0000,30.6974,24974,24
p087_dl_prague_sinlim_leve_rep01,dl_prague_sinlim_leve,1,rt,downlink,prague,ninguno,0,ninguno,-8,11.2000,11.2000,81,1602.6094,1495.6400,2267.5000,952.8250,2574.9300,341.6321,0,2199,1.7966,4.6000,0,0.0912,20.7885,0.0000,28,8.0192,22.5327,16.0923,-35.2308,1.0000,1602.6094,,
p088_dl_cubic_sinlim_leve_rep08,dl_cubic_sinlim_leve,8,rt,downlink,cubic,ninguno,0,ninguno,-8,11.2000,11.2000,81,1815.1564,1885.4900,2495.3000,897.8660,2529.2900,362.3055,0,2433,1.8812,100.8000,1,0.0895,20.9020,0.0000,28,8.6471,22.6078,16.2255,-35.1765,1.0000,1815.1493,,
p089_dl_cubic_5_upf_medio_rep02,dl_cubic_5_upf_medio,2,rt,downlink,cubic,upf-tun0,5,dualpi2,-4,4.5800,4.5800,79,55.8668,44.5340,109.0728,24.7580,118.5360,25.9494,0,122,1.1958,6.3000,0,0.0929,11.0800,0.0000,28,5.2800,22.5420,8.3480,-35.0000,1.0000,55.8668,24196,121
p090_dl_cubic_5_upf_leve_rep02,dl_cubic_5_upf_leve,2,rt,downlink,cubic,upf-tun0,5,dualpi2,-8,4.7500,4.7500,79,32.2649,31.7680,44.3297,18.5330,51.8920,6.8790,0,221,1.2850,5.8000,0,0.0873,20.8000,0.0000,28,5.2600,22.4580,16.2060,-35.3000,1.0000,32.2648,24985,221
p091_dl_prague_5_upf_fuerte_rep02,dl_prague_5_upf_fuerte,2,rt,downlink,prague,upf-tun0,5,dualpi2,-2,2.3700,2.3700,80,5618.4764,4639.9400,10429.5700,2315.5500,10594.6000,2699.4832,996,400,0.4750,3.8000,0,0.1012,5.3220,0.0000,28,5,22.5220,4.2017,-34.0339,1.0000,5618.4588,13183,1916
p092_dl_prague_5_upf_sinruido_rep05,dl_prague_5_upf_sinruido,5,rt,downlink,prague,upf-tun0,5,dualpi2,-50,4.7700,4.7700,79,29.7126,28.4690,42.6148,17.3520,45.2700,7.1933,2611,0,1.2371,59.4000,0,0.0000,27.0392,0.0000,28,5.6863,22.4627,46.7471,-36.0000,1.0000,29.7126,25163,0
p093_dl_cubic_sinlim_sinruido_rep07,dl_cubic_sinlim_sinruido,7,rt,downlink,cubic,ninguno,0,ninguno,-50,17.4000,17.4000,78,838.9676,786.0975,1181.8430,477.4440,1218.5300,170.4957,0,1514,0.9066,4.7000,0,0.0000,27,0.0000,28,7.5098,22.6314,46.8294,-36.0000,1.0000,838.9692,,
p094_dl_cubic_5_upf_medio_rep01,dl_cubic_5_upf_medio,1,rt,downlink,cubic,upf-tun0,5,dualpi2,-4,4.6500,4.6500,79,45.6416,42.9690,71.0438,21.7250,93.0570,15.1973,0,141,0.9050,4.6000,0,0.0873,11.3462,0.0000,28,5.5000,22.4019,8.4423,-35.0000,1.0000,45.6417,24564,141
p095_dl_prague_sinlim_leve_rep02,dl_prague_sinlim_leve,2,rt,downlink,prague,ninguno,0,ninguno,-8,11.2000,11.2000,81,1444.7070,1416.0500,2118.2500,1019.2400,2655.7200,283.4841,0,1628,2.5725,4.4000,0,0.0842,20.9038,0.0000,28,8.1923,22.5788,16.0846,-35.2692,1.0000,1444.7025,,
p096_dl_prague_5_upf_fuerte_rep04,dl_prague_5_upf_fuerte,4,rt,downlink,prague,upf-tun0,5,dualpi2,-2,2.3600,2.3600,81,5778.1367,4867.0700,9834.5000,3445.9400,10520.2000,1993.1516,1544,0,0.6294,5.7000,0,0.1009,5.3559,0.0000,28,5.2373,22.3627,4.0797,-34.0339,1.0000,5778.1570,13402,1141
p097_dl_cubic_5_upf_fuerte_rep06,dl_cubic_5_upf_fuerte,6,rt,downlink,cubic,upf-tun0,5,dualpi2,-2,2.3600,2.3600,82,5750.9051,5200.3700,10061.6845,1740.4400,10490.6000,2518.5188,0,2321,0.8850,9.1000,0,0.1035,5.2586,0.0000,28,5.4655,22.3914,4.0776,-34.0862,1.0000,5750.9051,13511,2584
p098_dl_cubic_5_upf_leve_rep07,dl_cubic_5_upf_leve,7,rt,downlink,cubic,upf-tun0,5,dualpi2,-8,4.7300,4.7200,79,32.8604,32.4220,46.3875,19.8520,52.1470,7.0248,0,255,1.4778,4.8000,0,0.0924,20.3922,0.0000,28,5.6471,22.4804,16.1078,-35.2745,1.0000,32.8605,24838,255
p099_dl_cubic_5_upf_leve_rep09,dl_cubic_5_upf_leve,9,rt,downlink,cubic,upf-tun0,5,dualpi2,-8,4.7400,4.7300,78,32.7222,32.7250,45.1797,18.2520,48.1570,7.4394,0,255,1.0578,9.3000,0,0.0973,20.7800,0.0000,28,5.7000,22.4360,16.3120,-35.3000,1.0000,32.7220,24928,255
p100_dl_prague_sinlim_fuerte_rep10,dl_prague_sinlim_fuerte,10,rt,downlink,prague,ninguno,0,ninguno,-2,2.7800,2.7800,80,7000.9541,7600.2000,10822.2650,1267.1400,10944.5000,2816.1846,0,1577,0.6114,4.1000,0,0.1021,6.2222,0.0000,28,5.0926,22.4370,4.0111,-34.1481,1.0000,7000.9651,,
p101_dl_prague_sinlim_sinruido_rep06,dl_prague_sinlim_sinruido,6,rt,downlink,prague,ninguno,0,ninguno,-50,17.4000,17.4000,79,929.9954,914.5080,1224.1210,449.2170,1359.6100,155.8198,0,1452,1.2075,39.8000,0,0.0000,26.9608,0.0000,28,6.4314,22.8863,46.8059,-36.0000,1.0000,929.9947,,
p102_dl_prague_sinlim_leve_rep04,dl_prague_sinlim_leve,4,rt,downlink,prague,ninguno,0,ninguno,-8,11.2000,11.2000,80,1546.7091,1427.9750,2386.2745,620.2840,2584.4900,416.1456,0,1617,2.1900,10.0000,0,0.0963,20.9020,0.0000,28,8.8824,22.5765,16.3451,-35.2941,1.0000,1546.7001,,
p103_dl_cubic_5_upf_medio_rep05,dl_cubic_5_upf_medio,5,rt,downlink,cubic,upf-tun0,5,dualpi2,-4,4.6400,4.6400,79,42.0204,38.5600,70.8736,23.0950,88.3370,13.8795,0,145,0.9775,4.0000,0,0.0866,11.2941,0.0000,28,5.1373,22.4078,7.9569,-35.0000,1.0000,42.0203,24386,145
p104_dl_prague_5_upf_fuerte_rep05,dl_prague_5_upf_fuerte,5,rt,downlink,prague,upf-tun0,5,dualpi2,-2,2.7500,2.7500,82,5225.2420,4387.1750,10320.1550,1877.3600,10836.8000,2953.7187,4755,2642,0.6264,5.0000,0,0.1045,6.3019,0.0000,28,5.6981,22.4019,4.4415,-34.0755,1.0000,5225.2256,15276,2732
p105_dl_cubic_sinlim_sinruido_rep02,dl_cubic_sinlim_sinruido,2,rt,downlink,cubic,ninguno,0,ninguno,-50,17.4000,17.4000,78,910.5862,930.4310,1107.7000,463.5720,1205.5200,140.3438,0,1259,0.7433,5.0000,0,0.0000,27,0.0000,28,6.3529,22.9000,46.7706,-36.0000,1.0000,910.5887,,
p106_dl_cubic_sinlim_fuerte_rep09,dl_cubic_sinlim_fuerte,9,rt,downlink,cubic,ninguno,0,ninguno,-2,2.3500,2.3400,83,7837.9966,7743.7900,12485.5700,1172.0200,13411.5000,3160.2605,0,1064,0.7328,22.1000,0,0.0983,5.4259,0.0000,28,5.0370,22.4685,4.0389,-34.1111,1.0000,7837.9599,,
p107_dl_prague_5_upf_medio_rep03,dl_prague_5_upf_medio,3,rt,downlink,prague,upf-tun0,5,dualpi2,-4,4.6700,4.6700,79,46.1078,45.8770,69.5827,21.5450,80.7120,13.8175,1947,2,0.5107,4.7000,0,0.0883,11.6800,0.0000,28,5.0800,22.4620,8.2840,-35.0000,1.0000,46.1079,24537,0
p108_dl_cubic_sinlim_sinruido_rep06,dl_cubic_sinlim_sinruido,6,rt,downlink,cubic,ninguno,0,ninguno,-50,17.4000,17.4000,79,934.8229,922.6130,1258.7150,501.2610,1269.3800,157.5994,0,1384,0.7950,4.0000,0,0.0000,27.3800,0.0000,28,6.1600,22.9760,46.7800,-36.0000,1.0000,934.8215,,
p109_dl_cubic_5_upf_sinruido_rep06,dl_cubic_5_upf_sinruido,6,rt,downlink,cubic,upf-tun0,5,dualpi2,-50,4.7700,4.7700,78,31.0386,30.1820,41.6388,17.3260,47.3150,6.1477,0,271,0.5664,3.5000,0,0.0000,26.8627,0.0000,28,5.6275,22.5490,46.8294,-36.0000,1.0000,31.0384,25078,272
p110_dl_cubic_sinlim_fuerte_rep03,dl_cubic_sinlim_fuerte,3,rt,downlink,cubic,ninguno,0,ninguno,-2,2.3600,2.3600,82,5776.2007,4645.3750,10455.4000,2918.0500,10769.1000,2401.4590,0,1,0.5450,3.6000,0,0.1003,5.3167,0.0000,28,5,22.4400,4.0550,-34.1500,1.0000,5776.1962,,
p111_dl_cubic_sinlim_sinruido_rep03,dl_cubic_sinlim_sinruido,3,rt,downlink,cubic,ninguno,0,ninguno,-50,17.4000,17.4000,80,931.4406,913.7780,1233.7595,511.0370,1287.7600,151.9893,0,1356,0.5458,3.4000,0,0.0000,27.0784,0.0000,28,7.8235,22.7490,46.8647,-36.0000,1.0000,931.4388,,
p112_dl_prague_sinlim_sinruido_rep01,dl_prague_sinlim_sinruido,1,rt,downlink,prague,ninguno,0,ninguno,-50,17.4000,17.4000,79,899.7731,866.8420,1245.6820,495.4930,1284.2800,171.4671,0,2094,0.7678,7.5000,0,0.0000,26.8654,0.0000,28,5.8269,23.0404,46.7769,-36.0000,1.0000,899.7710,,
p113_dl_prague_5_upf_leve_rep04,dl_prague_5_upf_leve,4,rt,downlink,prague,upf-tun0,5,dualpi2,-8,4.7500,4.7500,78,31.4422,30.9600,41.1284,19.3150,51.0240,6.5319,2540,7,1.0616,3.5000,0,0.0839,20.5098,0.0000,28,5.2157,22.4392,16.0882,-35.2353,1.0000,31.4422,24930,7
p114_dl_cubic_5_upf_sinruido_rep03,dl_cubic_5_upf_sinruido,3,rt,downlink,cubic,upf-tun0,5,dualpi2,-50,4.7700,4.7600,78,30.7678,29.3750,41.2653,18.7690,47.5410,6.6365,0,228,0.8043,9.1000,0,0.0000,26.7451,0.0000,28,5.7255,22.5961,46.8059,-36.0000,1.0000,30.7679,25079,228
p115_dl_prague_sinlim_sinruido_rep03,dl_prague_sinlim_sinruido,3,rt,downlink,prague,ninguno,0,ninguno,-50,17.4000,17.4000,79,844.1596,795.6060,1230.3260,605.2060,1297.7000,168.5060,0,1556,1.2791,22.2000,0,0.0000,26.8462,0.0000,28,6.1538,23.1019,46.8538,-36.0000,1.0000,844.1596,,
p116_dl_cubic_5_upf_fuerte_rep02,dl_cubic_5_upf_fuerte,2,rt,downlink,cubic,upf-tun0,5,dualpi2,-2,2.3700,2.3700,80,4359.4660,3321.8350,7861.0865,2273.0500,8277.8400,1891.4966,0,752,0.6875,7.4000,0,0.1036,5.2667,0.0000,28,5.2333,22.5017,4.3000,-34.0667,1.0000,4359.4592,13369,751
p117_dl_prague_sinlim_leve_rep08,dl_prague_sinlim_leve,8,rt,downlink,prague,ninguno,0,ninguno,-8,11.3000,11.3000,78,1540.6969,1430.4400,2147.3115,775.9150,2177.5500,365.2089,0,1955,4.5566,5.9000,0,0.0872,20.6471,0.0000,28,8.3922,22.6059,16.3294,-35.2157,1.0000,1540.6872,,
p118_dl_cubic_sinlim_fuerte_rep01,dl_cubic_sinlim_fuerte,1,rt,downlink,cubic,ninguno,0,ninguno,-2,2.4600,2.4600,81,5861.0710,5110.6500,9645.6900,3515.8300,10157.9000,1842.3935,0,1,1.1928,5.2000,0,0.1023,5.6786,0.0000,28,5.0893,22.4054,4.3143,-34.0714,1.0000,5861.0710,,
p119_dl_cubic_sinlim_medio_rep06,dl_cubic_sinlim_medio,6,rt,downlink,cubic,ninguno,0,ninguno,-4,4.8100,4.8100,81,3690.8973,3301.5200,5948.4800,328.1450,6060.2200,1369.1660,0,1853,2.6078,31.2000,0,0.0921,11.3091,0.0000,28,6.3455,22.5018,8.1691,-35.0000,1.0000,3690.8368,,
p120_dl_cubic_sinlim_leve_rep09,dl_cubic_sinlim_leve,9,rt,downlink,cubic,ninguno,0,ninguno,-8,11.3000,11.3000,79,1815.2870,1948.4000,2202.5700,600.6100,2710.9800,428.6470,0,2071,3.9342,6.3000,0,0.0898,20.7059,0.0000,28,7.6667,22.4804,16.1451,-35.3333,1.0000,1815.2877,,
p121_dl_cubic_5_upf_leve_rep08,dl_cubic_5_upf_leve,8,rt,downlink,cubic,upf-tun0,5,dualpi2,-8,4.7400,4.7400,77,31.9896,31.0920,42.3470,20.2080,48.0140,6.8606,0,242,2.8789,100.3000,1,0.0889,20.7255,0.0000,28,5.6471,22.4627,16.3725,-35.3137,1.0000,31.9895,24839,243
p122_dl_prague_sinlim_fuerte_rep02,dl_prague_sinlim_fuerte,2,rt,downlink,prague,ninguno,0,ninguno,-2,2.3600,2.3600,83,7519.4314,7065.2400,12407.8500,1204.8800,13089.8000,3169.2063,0,1497,0.7971,5.8000,0,0.0999,5.3636,0.0001,28,5.2545,22.3927,4.2564,-34.0545,1.0000,7519.4138,,
p123_dl_cubic_sinlim_medio_rep05,dl_cubic_sinlim_medio,5,rt,downlink,cubic,ninguno,0,ninguno,-4,4.9500,4.9500,82,4260.7437,4871.8700,5621.0505,1056.0700,6124.5100,1198.4259,0,1197,2.3564,21.0000,0,0.0893,11.4444,0.0000,28,5.7778,22.5611,8.3056,-34.9815,1.0000,4260.7503,,
p124_dl_prague_5_upf_leve_rep09,dl_prague_5_upf_leve,9,rt,downlink,prague,upf-tun0,5,dualpi2,-8,4.7300,4.7300,78,31.7130,31.2410,44.2236,19.8520,50.2180,7.2881,2589,20,2.6441,6.6000,0,0.0974,20.9000,0.0000,28,5.2200,22.5180,16.0940,-35.2400,1.0000,31.7130,24895,20
p125_dl_prague_sinlim_sinruido_rep07,dl_prague_sinlim_sinruido,7,rt,downlink,prague,ninguno,0,ninguno,-50,17.4000,17.4000,79,931.2841,933.6670,1151.0740,549.0560,1270.9200,133.3842,0,1332,2.3535,4.9000,0,0.0000,27.1569,0.0000,28,6.4706,23.0529,46.7235,-36.0000,1.0000,931.2746,,
p126_dl_prague_5_upf_leve_rep10,dl_prague_5_upf_leve,10,rt,downlink,prague,upf-tun0,5,dualpi2,-8,4.7200,4.7200,79,31.4094,31.4250,42.8755,17.6750,46.0040,6.6571,2535,9,1.9775,4.4000,0,0.0894,20.4706,0.0000,28,5.2157,22.3824,16.3941,-35.3333,1.0000,31.4091,24802,9
p127_dl_prague_5_upf_medio_rep05,dl_prague_5_upf_medio,5,rt,downlink,prague,upf-tun0,5,dualpi2,-4,4.5900,4.5900,78,51.2455,46.1890,90.5864,20.0990,118.9560,20.4904,1899,0,2.3564,18.6000,0,0.0882,11.3400,0.0000,28,5.2600,22.5240,8.0200,-34.9800,1.0000,51.2452,24201,0
p128_dl_cubic_5_upf_medio_rep10,dl_cubic_5_upf_medio,10,rt,downlink,cubic,upf-tun0,5,dualpi2,-4,4.5900,4.5900,79,52.0890,47.5770,92.8647,24.4410,102.8550,20.9527,0,123,1.8741,16.5000,0,0.0907,11.1373,0.0000,28,5.1765,22.3686,8.3098,-34.9608,1.0000,52.0885,24163,122
p129_dl_cubic_sinlim_fuerte_rep05,dl_cubic_sinlim_fuerte,5,rt,downlink,cubic,ninguno,0,ninguno,-2,2.3600,2.3600,81,8565.7678,9102.3200,12531.7000,3033.5700,13323.5000,2900.3743,0,428,0.4137,6.4000,0,0.0952,5.5000,0.0000,28,5.1833,22.3967,4.0800,-34.0333,1.0000,8565.7544,,
p130_dl_cubic_sinlim_leve_rep03,dl_cubic_sinlim_leve,3,rt,downlink,cubic,ninguno,0,ninguno,-8,11.3000,11.3000,80,1554.7588,1470.3050,2243.9590,797.9220,2375.5900,359.3214,0,1875,4.3689,100.6000,1,0.0907,20.7115,0.0000,28,7.8077,22.5712,16.0442,-35.2692,1.0000,1554.7066,,
p131_dl_cubic_5_upf_medio_rep07,dl_cubic_5_upf_medio,7,rt,downlink,cubic,upf-tun0,5,dualpi2,-4,4.5800,4.5800,77,63.9345,60.3070,104.4578,22.6430,128.3500,26.4748,0,111,2.5656,9.5000,0,0.0921,11.1800,0.0000,28,5.0400,22.6080,8.0920,-34.9600,1.0000,63.9343,23992,123
p132_dl_cubic_sinlim_medio_rep09,dl_cubic_sinlim_medio,9,rt,downlink,cubic,ninguno,0,ninguno,-4,4.8400,4.8400,81,4268.6871,4760.4800,5712.9400,771.2590,5860.0600,1245.6047,0,1500,1.5928,8.1000,0,0.0874,11.3889,0.0000,28,5.4815,22.4815,8.3630,-34.9630,1.0000,4268.6938,,
p133_dl_prague_sinlim_leve_rep09,dl_prague_sinlim_leve,9,rt,downlink,prague,ninguno,0,ninguno,-8,11.2000,11.2000,80,1583.5785,1492.8450,2254.6900,478.4780,2645.4500,398.6663,0,1819,3.6642,6.7000,0,0.0934,20.7115,0.0000,28,8.8269,22.4308,16.0846,-35.3462,1.0000,1583.5872,,
p134_dl_cubic_5_upf_medio_rep06,dl_cubic_5_upf_medio,6,rt,downlink,cubic,upf-tun0,5,dualpi2,-4,4.6600,4.6600,78,47.3536,45.0965,74.4414,25.1350,84.8940,15.7146,0,143,2.5478,5.4000,0,0.0948,11.6400,0.0000,28,5.4200,22.5480,8.0620,-35.0000,1.0000,47.3536,24570,143
p135_dl_cubic_sinlim_fuerte_rep02,dl_cubic_sinlim_fuerte,2,rt,downlink,cubic,ninguno,0,ninguno,-2,2.3500,2.3500,80,5801.8431,5139.9700,9474.7325,3570.8700,10230.0000,1730.3578,0,1,0.9906,83.0000,0,0.1018,5.5833,0.0000,28,5,22.4100,4.3117,-34.0667,1.0000,5801.8477,,
p136_dl_prague_5_upf_sinruido_rep03,dl_prague_5_upf_sinruido,3,rt,downlink,prague,upf-tun0,5,dualpi2,-50,4.7600,4.7600,78,30.0589,29.5320,41.6657,17.9360,46.5700,7.3613,2544,68,0.6828,3.5000,0,0.0000,26.8039,0.0000,28,5.0980,22.4549,46.7706,-36.0000,1.0000,30.0591,25017,68
p137_dl_prague_5_upf_sinruido_rep07,dl_prague_5_upf_sinruido,7,rt,downlink,prague,upf-tun0,5,dualpi2,-50,4.7600,4.7600,78,30.1499,29.3310,44.4993,16.1290,48.8790,7.1645,2775,32,0.7666,5.9000,0,0.0000,27.1176,0.0000,28,5.2157,22.3961,46.7275,-36.0000,1.0000,30.1500,25021,32
p138_dl_prague_5_upf_sinruido_rep06,dl_prague_5_upf_sinruido,6,rt,downlink,prague,upf-tun0,5,dualpi2,-50,4.7600,4.7600,78,29.1536,28.7975,39.3342,17.5010,44.0500,6.6970,2733,13,0.5933,3.8000,0,0.0000,26.9216,0.0000,28,5.3333,22.4255,46.7471,-36.0000,1.0000,29.1536,24984,13
p139_dl_prague_sinlim_fuerte_rep08,dl_prague_sinlim_fuerte,8,rt,downlink,prague,ninguno,0,ninguno,-2,3.2400,3.2400,80,4720.6057,4428.5350,7719.7480,1433.2700,8771.2000,1672.9517,0,1230,0.9519,4.3000,0,0.1081,7.4211,0.0000,28,5.7193,22.4526,3.9860,-34.1053,1.0000,4720.5892,,
p140_dl_prague_sinlim_sinruido_rep02,dl_prague_sinlim_sinruido,2,rt,downlink,prague,ninguno,0,ninguno,-50,17.4000,17.4000,79,934.4919,905.7360,1234.1450,525.3820,1325.5100,151.3655,0,1292,2.9591,6.8000,0,0.0000,27.0784,0.0000,28,6.0588,22.8235,46.7275,-36.0000,1.0000,934.4948,,
p141_dl_prague_5_upf_leve_rep07,dl_prague_5_upf_leve,7,rt,downlink,prague,upf-tun0,5,dualpi2,-8,4.7300,4.7300,78,31.4821,30.9875,45.4208,17.8600,49.0530,7.4209,2524,17,2.2035,6.7000,0,0.0914,20.3077,0.0000,28,5.1731,22.4077,16.0808,-35.3077,1.0000,31.4823,24920,17
p142_dl_cubic_5_upf_medio_rep09,dl_cubic_5_upf_medio,9,rt,downlink,cubic,upf-tun0,5,dualpi2,-4,4.5900,4.5900,79,53.3111,50.7140,91.6165,22.9450,103.6690,20.7618,0,149,1.9385,7.3000,0,0.0855,11.2941,0.0000,28,5.2745,22.5510,8.2235,-35.0000,1.0000,53.3112,24130,149
p143_dl_prague_5_upf_fuerte_rep09,dl_prague_5_upf_fuerte,9,rt,downlink,prague,upf-tun0,5,dualpi2,-2,2.3700,2.3700,82,5564.2560,4534.1100,10320.5600,1387.5100,10517.5000,2600.6729,3696,1690,1.0193,3.7000,0,0.1065,5.3276,0.0000,28,5,22.4138,4.0845,-34.1724,1.0000,5564.2603,13688,1689
p144_dl_cubic_sinlim_leve_rep05,dl_cubic_sinlim_leve,5,rt,downlink,cubic,ninguno,0,ninguno,-8,11.2000,11.2000,80,1749.7508,1709.3850,2195.9035,427.5170,2683.1600,437.1330,0,1992,4.2507,7.8000,0,0.0912,20.7692,0.0000,28,8.0962,22.5750,16.3365,-35.3846,1.0000,1749.7262,,
p145_dl_prague_5_upf_sinruido_rep01,dl_prague_5_upf_sinruido,1,rt,downlink,prague,upf-tun0,5,dualpi2,-50,4.7600,4.6800,80,29.7335,29.7535,41.1700,17.0400,44.4450,6.4778,2724,16,0.7625,5.0000,0,0.0000,26.9804,0.0000,28,5.1373,22.4098,46.8412,-36.0000,1.0000,29.7337,25061,16
p146_dl_cubic_sinlim_leve_rep01,dl_cubic_sinlim_leve,1,rt,downlink,cubic,ninguno,0,ninguno,-8,11.2000,11.2000,80,1551.0882,1434.7150,2281.8935,583.9170,2305.0100,371.4568,0,1806,3.9084,6.0000,0,0.0891,20.7843,0.0000,28,8.2549,22.6020,16.3549,-35.2157,1.0000,1551.0809,,
p147_dl_cubic_sinlim_sinruido_rep10,dl_cubic_sinlim_sinruido,10,rt,downlink,cubic,ninguno,0,ninguno,-50,17.4000,17.4000,79,909.4454,883.3430,1186.7510,461.9700,1251.7900,165.6437,0,2018,3.1157,7.0000,0,0.0000,26.6923,0.0000,28,5.7115,22.8481,46.7962,-36.0000,1.0000,909.4461,,
p148_dl_prague_5_upf_sinruido_rep08,dl_prague_5_upf_sinruido,8,rt,downlink,prague,upf-tun0,5,dualpi2,-50,4.7700,4.7700,78,29.6603,28.7800,41.6256,18.3470,47.8230,7.0648,2617,0,0.8157,17.5000,0,0.0000,26.7451,0.0000,28,5.3333,22.4667,46.8059,-36.0000,1.0000,29.6602,25071,0
p149_dl_prague_sinlim_medio_rep05,dl_prague_sinlim_medio,5,rt,downlink,prague,ninguno,0,ninguno,-4,4.8800,4.8700,81,4220.9459,4569.7100,6106.4000,249.3490,6367.0700,1479.7460,0,1979,1.7628,13.5000,0,0.0929,11.2000,0.0000,28,5.4909,22.5073,8.0127,-34.9818,1.0000,4220.9179,,
p150_dl_prague_5_upf_leve_rep05,dl_prague_5_upf_leve,5,rt,downlink,prague,upf-tun0,5,dualpi2,-8,4.7200,4.7200,78,32.7707,31.1010,48.0081,18.4650,56.7600,8.3248,2541,16,2.3058,5.7000,0,0.0903,20.3077,0.0000,28,5.4808,22.3385,16.3769,-35.2692,1.0000,32.7708,24897,16
p151_dl_cubic_5_upf_medio_rep04,dl_cubic_5_upf_medio,4,rt,downlink,cubic,upf-tun0,5,dualpi2,-4,4.6300,4.6300,78,52.1244,51.8745,86.2962,22.5260,98.0020,19.3606,0,137,1.9185,31.0000,0,0.0883,11.2353,0.0000,28,5.2745,22.4608,8.2490,-34.9412,1.0000,52.1246,24365,137
p152_dl_cubic_sinlim_sinruido_rep08,dl_cubic_sinlim_sinruido,8,rt,downlink,cubic,ninguno,0,ninguno,-50,17.4000,17.4000,79,935.1981,921.2970,1202.8170,418.9910,1350.8500,154.2499,0,1169,3.1633,6.0000,0,0.0000,26.7692,0.0000,28,8.1538,22.8962,46.8885,-36.0000,1.0000,935.1915,,
p153_dl_prague_sinlim_medio_rep01,dl_prague_sinlim_medio,1,rt,downlink,prague,ninguno,0,ninguno,-4,4.7300,4.7200,82,4491.2542,4978.2650,6212.2725,531.6860,6305.3900,1443.9408,0,1520,2.2857,6.5000,0,0.0925,11.0727,0.0000,28,5.5636,22.5800,8.1145,-35.0000,1.0000,4491.2297,,
p154_dl_cubic_sinlim_leve_rep06,dl_cubic_sinlim_leve,6,rt,downlink,cubic,ninguno,0,ninguno,-8,11.2000,11.2000,80,1857.8460,1987.2000,2318.4865,847.1090,2550.9800,391.7263,0,2306,3.8999,6.0000,0,0.0867,20.6154,0.0000,28,7.7692,22.5538,16.3000,-35.2885,1.0000,1857.8692,,
p155_dl_prague_sinlim_medio_rep07,dl_prague_sinlim_medio,7,rt,downlink,prague,ninguno,0,ninguno,-4,4.8100,4.8100,82,3252.0140,2647.1500,5939.4320,737.0600,6456.9800,1450.3552,0,1444,2.1964,10.7000,0,0.0915,11.4259,0.0000,28,6.2963,22.4278,7.9963,-34.9815,1.0000,3251.9962,,
p156_dl_cubic_5_upf_leve_rep01,dl_cubic_5_upf_leve,1,rt,downlink,cubic,upf-tun0,5,dualpi2,-8,4.7100,4.7100,78,32.7270,32.6010,44.5846,18.8690,51.6730,6.7685,0,267,2.3583,6.7000,0,0.0918,20.6078,0.0000,28,5.7647,22.5314,16.1922,-35.2941,1.0000,32.7270,24881,267
p157_dl_prague_5_upf_fuerte_rep06,dl_prague_5_upf_fuerte,6,rt,downlink,prague,upf-tun0,5,dualpi2,-2,2.3600,2.3600,80,5295.7125,4520.6100,9924.8840,1581.0600,10457.6000,2613.9004,1262,1246,1.0912,22.5000,0,0.1015,5.1803,0.0000,28,5.0328,22.4230,4.0426,-34.0820,1.0000,5295.6960,13347,1245
p158_dl_cubic_5_upf_sinruido_rep07,dl_cubic_5_upf_sinruido,7,rt,downlink,cubic,upf-tun0,5,dualpi2,-50,4.7700,4.7700,78,30.9834,29.9010,43.1300,18.8250,46.2320,6.7109,0,269,0.8400,4.9000,0,0.0000,26.8824,0.0000,28,5.5882,22.3765,46.8176,-36.0000,1.0000,30.9834,25019,270
p159_dl_prague_sinlim_fuerte_rep06,dl_prague_sinlim_fuerte,6,rt,downlink,prague,ninguno,0,ninguno,-2,2.3700,2.3600,80,9800.2474,10545.4500,12957.0600,4671.7400,13098.6000,2416.5265,0,56,0.5971,5.7000,0,0.1058,5.3962,0.0000,28,5.1887,22.3226,3.9283,-34.0943,1.0000,9800.1555,,
p160_dl_cubic_5_upf_leve_rep05,dl_cubic_5_upf_leve,5,rt,downlink,cubic,upf-tun0,5,dualpi2,-8,4.7500,4.7500,78,32.6551,32.9440,43.4542,20.7420,47.5560,6.6810,0,239,2.3391,6.2000,0,0.0895,20.6471,0.0000,28,5.4706,22.3980,16.3745,-35.2157,1.0000,32.6551,25004,240
