prueba,caso,rep,modo,dir,cca,punto,rate_mbit,qdisc,ruido_dB,goodput_mbps,throughput_cliente_mbps,rtt_muestras,rtt_media_ms,rtt_mediana_ms,rtt_p95_ms,rtt_min_ms,rtt_max_ms,rtt_desv_ms,ce_entregadas,retransmisiones,rlc_cola_kB_media,rlc_cola_kB_max,rlc_hol_ms_media,rlc_hol_ms_p95,rlc_en_vuelo_media,rlc_estancia_ms_media,rlc_estancia_ms_max,rlc_pdu_tx,rlc_pdu_retx,rlc_descartes_buffer,l4s_paquetes,l4s_marcas,l4s_marcas_pct,rlc_retx_pct,umbral_us,ping_reposo_media_ms,ping_reposo_mediana_ms,ping_reposo_p95_ms,ping_reposo_perdidas_pct,ping_clasico_media_ms,ping_clasico_mediana_ms,ping_clasico_p95_ms,ping_clasico_perdidas_pct,ping_l4s_media_ms,ping_l4s_mediana_ms,ping_l4s_p95_ms,ping_l4s_perdidas_pct,harq_retx_dl_pct,harq_perdidos_dl,harq_retx_ul_pct,harq_perdidos_ul,ph_ul_db,pacing_tarde_pct,pacing_max_ms,pacing_reanclajes,bler_dl,mcs_dl,bler_ul,mcs_ul,nprb_ul,snr_ul_db,sinr_db,rsrp_dbm,factor_escala,rtt_media_corregida_ms
p001_dl_prague_u10ms_rep01,dl_prague_u10ms,1,rt,downlink,prague,ninguno,0,ninguno,ninguno,70.0000,70.0000,106,15.9362,15.6620,23.1225,10.7240,24.3840,3.6321,6842,0,176.3796,389.5360,3.7881,9.3085,91.2665,4.5034,13.4700,416240,0,0,355123,6854,1.9300,0.0000,10000,13.1007,13.0500,17.6100,0.0000,17.9315,18.3500,26.2550,0.0000,17.5488,18.1500,26.1550,0.0000,0.0000,0,0.0000,0,50.3200,0.1893,4.9000,0,0.0000,27.1800,0.0000,28,21.9000,23.0820,44.6120,-41.0000,1.0000,15.9359
p002_dl_prague_u20ms_rep01,dl_prague_u20ms,1,rt,downlink,prague,ninguno,0,ninguno,ninguno,78.4000,78.3000,106,26.8114,26.4810,34.1397,10.5260,38.4480,4.9314,10742,0,299.9463,537.0160,12.7637,19.8852,108.5590,13.4054,26.6330,467723,0,0,398470,10758,2.6998,0.0000,20000,12.5247,12.6000,16.5650,0.0000,29.5622,28.9500,41.4550,0.0000,29.5621,29.2500,41.3550,0.0000,0.0000,0,0.0000,0,52.6400,0.2364,4.7000,0,0.0000,27.2200,0.0000,28,23.9000,23.0140,44.4400,-41.0000,1.0000,26.8126
p003_dl_prague_u20ms_rep05,dl_prague_u20ms,5,rt,downlink,prague,ninguno,0,ninguno,ninguno,78.4000,78.3000,106,26.8502,26.9240,33.1972,11.8760,36.1440,4.3623,10642,0,325.0671,558.1600,12.5586,18.1168,127.7925,13.4707,25.2660,468256,0,0,398858,10664,2.6736,0.0000,20000,13.5293,13.9500,17.1850,0.0000,29.4526,29.2000,40.6550,0.0000,29.7869,29.4000,41.8000,0.0000,0.0000,0,0.0000,0,52.3800,0.2343,3.9000,0,0.0000,26.7000,0.0000,28,23.9000,22.9960,44.3360,-41.0000,1.0000,26.8491
p004_dl_prague_u20ms_rep02,dl_prague_u20ms,2,rt,downlink,prague,ninguno,0,ninguno,ninguno,78.2000,78.2000,106,27.1973,27.3690,33.7505,11.7090,35.7160,4.2726,10750,0,303.1315,543.1200,12.8968,19.8686,110.0561,13.5355,25.4750,467400,0,0,398181,10762,2.7028,0.0000,20000,12.1897,12.6500,16.0850,0.0000,29.7064,29.5000,41.1550,0.0000,29.4769,29.3500,41.2000,0.0000,0.0000,0,0.0000,0,51.9400,0.3228,4.5000,0,0.0000,26.5000,0.0000,28,30.4600,23.2140,44.7240,-41.0000,1.0000,27.1985
p005_dl_prague_u20ms_rep04,dl_prague_u20ms,4,rt,downlink,prague,ninguno,0,ninguno,ninguno,78.8000,78.8000,106,26.7618,26.8170,31.8702,12.4380,39.5160,4.4362,10853,0,278.4227,547.6320,12.3267,18.8310,97.1273,13.6235,26.7270,469396,0,0,399902,10875,2.7194,0.0000,20000,12.6557,13.1000,17.2500,0.0000,29.5492,29.3000,40.9000,0.0000,29.6356,29.1000,40.9000,0.0000,0.0000,0,0.0000,0,51.1000,0.3007,5.7000,0,0.0000,27.0400,0.0000,28,30.3400,23.1540,44.5220,-41.0000,1.0000,26.7628
p006_dl_prague_u8ms_rep01,dl_prague_u8ms,1,rt,downlink,prague,ninguno,0,ninguno,ninguno,65.1000,65.0000,105,15.4667,15.2320,21.7420,9.9550,25.2840,3.4366,7676,0,164.2368,374.6720,2.8029,7.7278,94.2262,3.5003,12.6550,385380,0,0,329317,7763,2.3573,0.0000,8000,13.3507,13.6500,17.5200,0.0000,17.5783,17.9000,26.6000,0.0000,17.3947,17.7500,26.1000,0.0000,0.0000,0,0.0000,0,52.0400,0.3458,4.3000,0,0.0000,26.4600,0.0000,28,33.2600,23.1920,44.8540,-41.0000,1.0000,15.4663
p007_dl_prague_u20ms_rep03,dl_prague_u20ms,3,rt,downlink,prague,ninguno,0,ninguno,ninguno,78.4000,78.4000,106,26.6749,27.0990,33.1820,11.3670,35.9700,4.6956,10443,0,284.1291,514.3680,12.2232,18.7461,97.6413,13.5218,24.9920,467955,0,0,398702,10489,2.6308,0.0000,20000,13.1433,13.0000,17.4550,0.0000,29.2724,29.1000,40.9550,0.0000,29.3978,29.1000,40.8000,0.0000,0.0000,0,0.0000,0,52.7600,0.3117,4.4000,0,0.0000,26.8200,0.0000,28,30.2000,23.0960,44.2880,-41.0000,1.0000,26.6744
p008_dl_prague_u10ms_rep04,dl_prague_u10ms,4,rt,downlink,prague,ninguno,0,ninguno,ninguno,70.1000,70.0000,106,16.0363,15.8425,23.3107,10.2440,25.0570,3.8519,6813,0,155.2020,394.0480,3.8631,9.4564,79.8562,4.4953,14.3330,416262,0,0,355063,6874,1.9360,0.0000,10000,13.0460,13.1000,17.5550,0.0000,17.9422,18.6000,26.5000,0.0000,17.9756,18.6000,26.3000,0.0000,0.0000,0,0.0000,0,50.5000,0.4591,5.1000,0,0.0000,27.1800,0.0000,28,33.5000,23.0840,44.7320,-41.0000,1.0000,16.0367
p009_dl_prague_u15ms_rep02,dl_prague_u15ms,2,rt,downlink,prague,ninguno,0,ninguno,ninguno,78.4000,78.4000,106,21.7297,21.9365,26.5875,11.0230,27.2420,3.0914,10575,0,212.8550,494.9040,8.1498,14.6859,91.4781,8.4544,20.2690,468642,0,0,399353,10589,2.6515,0.0000,15000,13.0163,12.7000,17.4750,0.0000,22.7670,23.1000,31.2550,0.0000,22.8745,23.5000,30.9550,0.0000,0.0000,0,0.0000,0,51.5600,0.2683,4.2000,0,0.0000,27.0800,0.0000,28,36.4400,22.8780,44.4380,-41.0000,1.0000,21.7294
p010_dl_prague_u8ms_rep05,dl_prague_u8ms,5,rt,downlink,prague,ninguno,0,ninguno,ninguno,64.8000,64.8000,106,15.7840,15.7090,21.8522,9.8320,23.3210,3.5570,7929,0,165.4109,368.4800,2.4786,6.4225,89.9297,3.5061,11.6590,384218,0,0,328390,7937,2.4169,0.0000,8000,12.9397,12.6500,17.4100,0.0000,17.4250,18.0000,26.1000,0.0000,17.3127,17.8000,25.8000,0.0000,0.0000,0,0.0000,0,51.1600,0.3617,5.5000,0,0.0000,27.0200,0.0000,28,24.4200,23.1240,44.2880,-41.0000,1.0000,15.7836
p011_dl_prague_u10ms_rep02,dl_prague_u10ms,2,rt,downlink,prague,ninguno,0,ninguno,ninguno,70.3000,70.3000,105,15.9895,15.9570,22.8130,10.7190,25.2960,3.4852,6886,0,176.9598,382.0160,4.3368,10.2203,85.9091,4.4960,14.7860,417795,0,0,356475,6980,1.9581,0.0000,10000,13.3730,13.7000,17.4550,0.0000,17.8315,18.3500,26.6000,0.0000,17.7878,18.5000,26.6550,0.0000,0.0000,0,0.0000,0,51.1569,0.3458,4.2000,0,0.0000,26.3137,0.0000,28,40.0588,23.0588,44.3510,-41.0000,1.0000,15.9900
p012_dl_prague_u15ms_rep03,dl_prague_u15ms,3,rt,downlink,prague,ninguno,0,ninguno,ninguno,78.0000,78.0000,106,20.8187,21.1285,26.5963,11.7810,31.2480,3.8714,10348,0,241.7015,479.7760,7.7289,13.3710,103.2842,8.3583,21.1220,466317,0,0,397405,10369,2.6092,0.0000,15000,12.3473,11.6000,17.0300,0.0000,22.8262,23.3500,31.3550,0.0000,22.3222,23.3000,30.6000,0.0000,0.0000,0,0.0000,0,51.0800,0.3233,11.2000,0,0.0000,27.1400,0.0000,28,29.5400,22.9560,44.0360,-41.0000,1.0000,20.8185
p013_dl_prague_u6ms_rep01,dl_prague_u6ms,1,rt,downlink,prague,ninguno,0,ninguno,ninguno,59.6000,59.5000,105,15.4717,15.3420,21.2938,10.0310,23.7280,3.0521,7691,0,143.2349,341.4080,1.9398,5.3260,81.6850,2.5231,9.1000,351411,0,0,300719,7755,2.5788,0.0000,6000,12.3300,11.8000,17.1500,0.0000,16.8457,16.8500,25.4000,0.0000,16.6813,16.6000,25.7550,0.0000,0.0000,0,0.0000,0,51.2745,0.2400,3.7000,0,0.0000,26.6275,0.0000,28,25.9020,23.1275,44.5569,-41.0000,1.0000,15.4719
p014_dl_prague_u8ms_rep03,dl_prague_u8ms,3,rt,downlink,prague,ninguno,0,ninguno,ninguno,65.1000,65.0000,105,16.0632,15.8670,22.7216,10.1040,24.1230,3.6395,7738,0,176.6581,357.9520,2.7391,7.3006,100.2195,3.5232,12.1520,385145,0,0,329109,7920,2.4065,0.0000,8000,13.0410,13.1000,17.2500,0.0000,17.6784,18.2000,26.1000,0.0000,17.8192,18.7000,26.3000,0.0000,0.0000,0,0.0000,0,51.2745,0.3236,4.8000,0,0.0000,26.6078,0.0000,28,23.0588,23.1529,44.5647,-41.0000,1.0000,16.0636
p015_dl_prague_u6ms_rep02,dl_prague_u6ms,2,rt,downlink,prague,ninguno,0,ninguno,ninguno,59.7000,59.6000,107,15.4346,15.3310,21.7489,10.2710,25.8590,3.2165,7689,0,130.7725,343.0880,1.4191,5.0698,77.3947,2.5180,10.3560,351736,0,0,301071,7701,2.5579,0.0000,6000,13.4537,13.5000,17.8650,0.0000,16.8496,17.3000,25.6000,0.0000,16.6883,17.0000,25.6550,0.0000,0.0000,0,0.0000,0,51.4200,0.4600,4.9000,0,0.0000,27.0600,0.0000,28,28.2800,23.0140,44.5960,-41.0000,1.0000,15.4345
p016_dl_prague_u8ms_rep02,dl_prague_u8ms,2,rt,downlink,prague,ninguno,0,ninguno,ninguno,65.1000,65.1000,105,15.9845,15.6240,22.6560,10.0220,24.5830,3.3683,7642,0,130.9905,348.9280,2.7481,8.0604,73.1258,3.5233,12.2910,385812,0,0,329659,7702,2.3364,0.0000,8000,12.9577,12.7500,17.6100,0.0000,17.1433,17.3500,25.9550,0.0000,17.5218,18.0000,26.4000,0.0000,0.0000,0,0.0000,0,50.8200,0.3114,5.8000,0,0.0000,26.8200,0.0000,28,27.1600,23.0640,44.3580,-41.0000,0.9999,15.9854
p017_dl_prague_u10ms_rep03,dl_prague_u10ms,3,rt,downlink,prague,ninguno,0,ninguno,ninguno,69.7000,69.7000,105,16.2549,15.9090,23.5974,10.5140,24.4610,3.7058,6927,0,202.7965,395.7280,3.3934,8.4390,111.5423,4.5219,16.4660,414167,0,0,353280,7052,1.9962,0.0000,10000,12.2023,11.9500,17.1300,0.0000,17.9043,18.4500,26.6000,0.0000,17.9523,18.5000,26.2550,0.0000,0.0000,0,0.0000,0,50.1800,0.4486,7.5000,0,0.0000,27.0400,0.0000,28,27.6600,23.2500,44.9740,-41.0000,1.0000,16.2543
p018_dl_prague_u15ms_rep05,dl_prague_u15ms,5,rt,downlink,prague,ninguno,0,ninguno,ninguno,77.7000,77.7000,106,20.6662,21.2475,26.8997,11.6070,30.1950,4.2105,9605,0,267.7605,497.8240,7.7291,14.6109,126.3566,8.1292,20.1540,464636,0,0,396002,9619,2.4290,0.0000,15000,12.8357,12.6000,17.3100,0.0000,22.0154,22.8000,30.0550,0.0000,22.1161,22.9500,30.2100,0.0000,0.0000,0,0.0000,0,50.9800,0.2878,5.3000,0,0.0000,27.4200,0.0000,28,32.8400,22.8900,44.4000,-41.0000,1.0000,20.6670
p019_dl_prague_u10ms_rep05,dl_prague_u10ms,5,rt,downlink,prague,ninguno,0,ninguno,ninguno,69.7000,69.7000,105,16.4160,15.5110,24.2974,10.2310,25.8810,4.1588,6926,0,164.1901,385.2000,4.1880,10.0046,80.7344,4.5148,14.1430,413830,0,0,353073,6987,1.9789,0.0000,10000,12.4487,12.1000,17.0950,0.0000,18.0507,18.6500,26.7000,0.0000,18.0948,18.6000,26.5550,0.0000,0.0000,0,0.0000,0,50.6200,0.4793,7.1000,0,0.0000,26.4000,0.0000,28,32.9200,23.1640,44.1660,-41.0000,1.0000,16.4163
p020_dl_prague_u15ms_rep01,dl_prague_u15ms,1,rt,downlink,prague,ninguno,0,ninguno,ninguno,78.0000,77.9000,106,21.3926,21.3785,27.0637,12.6040,31.0800,3.7035,10587,0,241.7707,467.7440,7.8447,13.4910,103.1534,8.4295,21.3410,466009,0,0,397096,10600,2.6694,0.0000,15000,12.8013,12.8000,17.1400,0.0000,22.9287,23.3000,32.0000,0.0000,22.9008,23.3000,32.5550,0.0000,0.0000,0,0.0000,0,51.5200,0.4083,4.5000,0,0.0000,26.8600,0.0000,28,39.2600,23.0460,44.4000,-41.0000,1.0000,21.3928
p021_dl_prague_u6ms_rep04,dl_prague_u6ms,4,rt,downlink,prague,ninguno,0,ninguno,ninguno,59.9000,59.9000,106,15.1821,15.2765,20.6717,10.0620,22.9890,2.6188,7724,0,138.5648,347.4240,2.0285,4.7402,74.9617,2.5351,9.8730,352742,0,0,301932,7733,2.5612,0.0000,6000,13.5917,14.1500,17.7550,0.0000,16.8744,17.1000,25.4550,0.0000,16.8812,17.4000,25.4550,0.0000,0.0000,0,0.0000,0,50.4902,0.3867,4.5000,0,0.0000,27.0392,0.0000,28,15.3922,23.1686,44.3882,-41.0000,1.0000,15.1819
p022_dl_prague_u8ms_rep04,dl_prague_u8ms,4,rt,downlink,prague,ninguno,0,ninguno,ninguno,64.8000,64.8000,105,15.5539,15.2950,22.2748,9.9420,24.3200,3.4312,7727,0,159.9995,363.9680,2.5536,5.9310,83.1479,3.4483,12.8510,384480,0,0,328668,7816,2.3781,0.0000,8000,13.3143,13.7500,17.2200,0.0000,17.4503,18.1000,26.1550,0.0000,17.2974,17.3500,26.0000,0.0000,0.0000,0,0.0000,0,52.0400,0.2192,3.7000,0,0.0000,27.3400,0.0000,28,24.3600,23.1400,44.8060,-41.0000,1.0000,15.5544
p023_dl_prague_u6ms_rep03,dl_prague_u6ms,3,rt,downlink,prague,ninguno,0,ninguno,ninguno,59.4000,59.3000,105,15.0409,14.9580,18.6244,9.9600,23.5840,2.7514,7634,0,144.9520,339.9920,1.8682,5.6666,85.2235,2.4971,11.6230,349897,0,0,299474,7721,2.5782,0.0000,6000,13.2870,13.9500,17.4750,0.0000,16.7981,16.8500,25.5000,0.0000,16.7873,17.0000,25.5100,0.0000,0.0000,0,0.0000,0,52.4000,0.4925,5.1000,0,0.0000,27.1200,0.0000,28,24.6800,23.0440,44.3820,-41.0000,1.0000,15.0406
p024_dl_prague_u15ms_rep04,dl_prague_u15ms,4,rt,downlink,prague,ninguno,0,ninguno,ninguno,78.1000,78.1000,106,20.6390,21.3665,25.8023,11.4580,28.3040,3.6296,10301,0,265.3209,490.3040,7.7643,14.4154,120.9370,8.3706,20.5260,466790,0,0,397802,10323,2.5950,0.0000,15000,12.8813,12.5500,17.7100,0.0000,22.4849,23.2000,30.1000,0.0000,22.4409,23.1000,30.6000,0.0000,0.0000,0,0.0000,0,52.9804,0.2267,4.1000,0,0.0000,26.9020,0.0000,28,31.9804,22.9608,44.6078,-41.0000,1.0000,20.6393
p025_dl_prague_u6ms_rep05,dl_prague_u6ms,5,rt,downlink,prague,ninguno,0,ninguno,ninguno,59.3000,59.3000,106,15.0775,14.8975,21.1193,10.6930,22.3000,2.8130,7476,0,122.6322,320.3520,1.4341,5.1473,71.5899,2.5074,9.8350,349584,0,0,299159,7553,2.5247,0.0000,6000,13.3460,13.8000,17.2100,0.0000,16.7730,17.0000,25.8550,0.0000,16.8353,17.3500,25.7550,0.0000,0.0000,0,0.0000,0,50.4600,0.3242,4.1000,0,0.0000,27.2200,0.0000,28,24.7600,23.1720,44.2880,-41.0000,1.0000,15.0780
