caso,modo,dir,cca,punto,rate_mbit,qdisc,ruido_dB,n,goodput_mbps_media,goodput_mbps_desv,goodput_mbps_ic95,goodput_mbps_mediana,throughput_cliente_mbps_media,throughput_cliente_mbps_desv,throughput_cliente_mbps_ic95,throughput_cliente_mbps_mediana,rtt_muestras_media,rtt_muestras_desv,rtt_muestras_ic95,rtt_muestras_mediana,rtt_media_ms_media,rtt_media_ms_desv,rtt_media_ms_ic95,rtt_media_ms_mediana,rtt_mediana_ms_media,rtt_mediana_ms_desv,rtt_mediana_ms_ic95,rtt_mediana_ms_mediana,rtt_p95_ms_media,rtt_p95_ms_desv,rtt_p95_ms_ic95,rtt_p95_ms_mediana,rtt_min_ms_media,rtt_min_ms_desv,rtt_min_ms_ic95,rtt_min_ms_mediana,rtt_max_ms_media,rtt_max_ms_desv,rtt_max_ms_ic95,rtt_max_ms_mediana,rtt_desv_ms_media,rtt_desv_ms_desv,rtt_desv_ms_ic95,rtt_desv_ms_mediana,ce_entregadas_media,ce_entregadas_desv,ce_entregadas_ic95,ce_entregadas_mediana,retransmisiones_media,retransmisiones_desv,retransmisiones_ic95,retransmisiones_mediana,rlc_cola_kB_media_media,rlc_cola_kB_media_desv,rlc_cola_kB_media_ic95,rlc_cola_kB_media_mediana,rlc_cola_kB_max_media,rlc_cola_kB_max_desv,rlc_cola_kB_max_ic95,rlc_cola_kB_max_mediana,rlc_hol_ms_media_media,rlc_hol_ms_media_desv,rlc_hol_ms_media_ic95,rlc_hol_ms_media_mediana,rlc_hol_ms_p95_media,rlc_hol_ms_p95_desv,rlc_hol_ms_p95_ic95,rlc_hol_ms_p95_mediana,rlc_en_vuelo_media_media,rlc_en_vuelo_media_desv,rlc_en_vuelo_media_ic95,rlc_en_vuelo_media_mediana,rlc_estancia_ms_media_media,rlc_estancia_ms_media_desv,rlc_estancia_ms_media_ic95,rlc_estancia_ms_media_mediana,rlc_estancia_ms_max_media,rlc_estancia_ms_max_desv,rlc_estancia_ms_max_ic95,rlc_estancia_ms_max_mediana,rlc_pdu_tx_media,rlc_pdu_tx_desv,rlc_pdu_tx_ic95,rlc_pdu_tx_mediana,rlc_pdu_retx_media,rlc_pdu_retx_desv,rlc_pdu_retx_ic95,rlc_pdu_retx_mediana,rlc_descartes_buffer_media,rlc_descartes_buffer_desv,rlc_descartes_buffer_ic95,rlc_descartes_buffer_mediana,l4s_paquetes_media,l4s_paquetes_desv,l4s_paquetes_ic95,l4s_paquetes_mediana,l4s_marcas_media,l4s_marcas_desv,l4s_marcas_ic95,l4s_marcas_mediana,l4s_marcas_pct_media,l4s_marcas_pct_desv,l4s_marcas_pct_ic95,l4s_marcas_pct_mediana,rlc_retx_pct_media,rlc_retx_pct_desv,rlc_retx_pct_ic95,rlc_retx_pct_mediana,umbral_us_media,umbral_us_desv,umbral_us_ic95,umbral_us_mediana,ping_reposo_media_ms_media,ping_reposo_media_ms_desv,ping_reposo_media_ms_ic95,ping_reposo_media_ms_mediana,ping_reposo_mediana_ms_media,ping_reposo_mediana_ms_desv,ping_reposo_mediana_ms_ic95,ping_reposo_mediana_ms_mediana,ping_reposo_p95_ms_media,ping_reposo_p95_ms_desv,ping_reposo_p95_ms_ic95,ping_reposo_p95_ms_mediana,ping_reposo_perdidas_pct_media,ping_reposo_perdidas_pct_desv,ping_reposo_perdidas_pct_ic95,ping_reposo_perdidas_pct_mediana,ping_clasico_media_ms_media,ping_clasico_media_ms_desv,ping_clasico_media_ms_ic95,ping_clasico_media_ms_mediana,ping_clasico_mediana_ms_media,ping_clasico_mediana_ms_desv,ping_clasico_mediana_ms_ic95,ping_clasico_mediana_ms_mediana,ping_clasico_p95_ms_media,ping_clasico_p95_ms_desv,ping_clasico_p95_ms_ic95,ping_clasico_p95_ms_mediana,ping_clasico_perdidas_pct_media,ping_clasico_perdidas_pct_desv,ping_clasico_perdidas_pct_ic95,ping_clasico_perdidas_pct_mediana,ping_l4s_media_ms_media,ping_l4s_media_ms_desv,ping_l4s_media_ms_ic95,ping_l4s_media_ms_mediana,ping_l4s_mediana_ms_media,ping_l4s_mediana_ms_desv,ping_l4s_mediana_ms_ic95,ping_l4s_mediana_ms_mediana,ping_l4s_p95_ms_media,ping_l4s_p95_ms_desv,ping_l4s_p95_ms_ic95,ping_l4s_p95_ms_mediana,ping_l4s_perdidas_pct_media,ping_l4s_perdidas_pct_desv,ping_l4s_perdidas_pct_ic95,ping_l4s_perdidas_pct_mediana,harq_retx_dl_pct_media,harq_retx_dl_pct_desv,harq_retx_dl_pct_ic95,harq_retx_dl_pct_mediana,harq_perdidos_dl_media,harq_perdidos_dl_desv,harq_perdidos_dl_ic95,harq_perdidos_dl_mediana,harq_retx_ul_pct_media,harq_retx_ul_pct_desv,harq_retx_ul_pct_ic95,harq_retx_ul_pct_mediana,harq_perdidos_ul_media,harq_perdidos_ul_desv,harq_perdidos_ul_ic95,harq_perdidos_ul_mediana,ph_ul_db_media,ph_ul_db_desv,ph_ul_db_ic95,ph_ul_db_mediana,pacing_tarde_pct_media,pacing_tarde_pct_desv,pacing_tarde_pct_ic95,pacing_tarde_pct_mediana,pacing_max_ms_media,pacing_max_ms_desv,pacing_max_ms_ic95,pacing_max_ms_mediana,pacing_reanclajes_media,pacing_reanclajes_desv,pacing_reanclajes_ic95,pacing_reanclajes_mediana,bler_dl_media,bler_dl_desv,bler_dl_ic95,bler_dl_mediana,mcs_dl_media,mcs_dl_desv,mcs_dl_ic95,mcs_dl_mediana,bler_ul_media,bler_ul_desv,bler_ul_ic95,bler_ul_mediana,mcs_ul_media,mcs_ul_desv,mcs_ul_ic95,mcs_ul_mediana,nprb_ul_media,nprb_ul_desv,nprb_ul_ic95,nprb_ul_mediana,snr_ul_db_media,snr_ul_db_desv,snr_ul_db_ic95,snr_ul_db_mediana,sinr_db_media,sinr_db_desv,sinr_db_ic95,sinr_db_mediana,rsrp_dbm_media,rsrp_dbm_desv,rsrp_dbm_ic95,rsrp_dbm_mediana,factor_escala_media,factor_escala_desv,factor_escala_ic95,factor_escala_mediana,rtt_media_corregida_ms_media,rtt_media_corregida_ms_desv,rtt_media_corregida_ms_ic95,rtt_media_corregida_ms_mediana
c10_cubic_r2,rt,downlink,cubic,ninguno,0,ninguno,-2,3,2.7200,0.6063,1.5063,2.3800,2.7200,0.6063,1.5063,2.3800,80.6667,0.5774,1.4343,81,7667.9013,3850.5248,9566.0058,9885.2260,8354.0400,4256.1348,10573.6782,10779.0000,10078.7253,5051.3105,12549.1637,12991.3000,3192.0787,2058.5476,5114.1284,4377.1400,10417.8467,5143.8384,12779.0342,13337.0000,1985.8071,939.3090,2333.5611,2517.7280,0,0.0000,0.0000,0,23.3333,35.3459,87.8112,6,2275.4168,807.8151,2006.8859,2663.0214,3420.1787,1204.2415,2991.7431,4108.4160,7066.6656,3559.4212,8842.8060,8862.0239,10066.6500,5078.3292,12616.2873,12916.9232,8.7271,1.9596,4.8683,7.7242,7668.5298,3859.1881,9587.5284,9641.0018,10449.1607,5172.9047,12851.2449,13401.1230,69751.6667,4879.1580,12121.4785,70630,3,2.6458,6.5729,2,0,0.0000,0.0000,0,452.6667,19.6299,48.7673,464,0,0.0000,0.0000,0,0.0000,0.0000,0.0000,0.0000,0.0043,0.0037,0.0093,0.0031,0,0.0000,0.0000,0,12.4768,0.2776,0.6896,12.4000,12.3333,0.7371,1.8312,12.6000,16.9883,0.3733,0.9274,16.8550,0.0000,0.0000,0.0000,0.0000,7748.6310,3892.7444,9670.8937,9378.9073,8371.5000,4213.5204,10467.8097,10479.5000,10113.4500,5088.6735,12641.9861,12954.9500,0.0000,0.0000,0.0000,0.0000,7746.0898,3891.6074,9668.0688,9383.9417,8371.6667,4221.4683,10487.5549,10496.0000,10108.3667,5090.1465,12645.6455,12961.3000,0.0000,0.0000,0.0000,0.0000,6.8860,2.1491,5.3391,5.6617,0,0.0000,0.0000,0,0.0000,0.0000,0.0000,0.0000,0,0.0000,0.0000,0,48.1448,0.1353,0.3360,48.1667,0.5276,0.2378,0.5907,0.4343,6.4000,2.5120,6.2406,5.0000,0,0.0000,0.0000,0,0.1012,0.0034,0.0086,0.0995,6.2201,1.3110,3.2570,5.5283,0.0000,0.0000,0.0000,0.0000,28,0.0000,0.0000,28,5.2578,0.2540,0.6310,5.2000,22.3947,0.0129,0.0319,22.3964,4.1714,0.0731,0.1815,4.1396,-34.1086,0.0542,0.1347,-34.0893,1.0000,0.0000,0.0000,1.0000,7667.8957,3850.5177,9565.9883,9885.2299
c10_cubic_r4,rt,downlink,cubic,ninguno,0,ninguno,-4,3,4.7900,0.0755,0.1876,4.7800,4.7900,0.0755,0.1876,4.7800,81.3333,0.5774,1.4343,81,3861.1196,146.4369,363.7987,3880.6041,3827.5767,301.5900,749.2516,3975.5500,5985.5443,159.0342,395.0949,5975.7200,563.2497,284.6491,707.1646,475.7650,6330.5000,84.1348,209.0193,6291.9700,1446.9069,20.9826,52.1279,1449.6478,0,0.0000,0.0000,0,1958,170.2733,423.0165,1982,2100.5164,75.1744,186.7587,2141.5171,4036.0827,19.6135,48.7266,4037.0400,3447.3887,139.9523,347.6889,3481.3763,5947.2223,120.3511,298.9928,5919.3856,12.6883,0.2687,0.6674,12.6399,3766.9309,149.4278,371.2293,3793.6318,6475.9113,274.3026,681.4603,6353.7770,71813.3333,2590.6741,6436.1107,71202,0.3333,0.5774,1.4343,0,0,0.0000,0.0000,0,453.3333,0.5774,1.4343,453,0,0.0000,0.0000,0,0.0000,0.0000,0.0000,0.0000,0.0004,0.0008,0.0019,0.0000,0,0.0000,0.0000,0,12.4046,0.0548,0.1361,12.3963,12.3000,0.5074,1.2607,12.2000,16.8583,0.1050,0.2610,16.8550,0.0000,0.0000,0.0000,0.0000,3679.6584,113.3744,281.6602,3626.2004,3495.1667,292.3877,726.3900,3542.5000,5976.0833,122.2631,303.7429,5933.2500,0.0000,0.0000,0.0000,0.0000,3686.8010,121.3717,301.5283,3632.9001,3497.0000,296.1824,735.8172,3547.0000,5997.4833,136.6179,339.4050,5960.4500,0.0000,0.0000,0.0000,0.0000,5.9883,0.0946,0.2350,6.0215,0,0.0000,0.0000,0,0.0000,0.0000,0.0000,0.0000,0,0.0000,0.0000,0,48.8465,0.3494,0.8681,49.0182,0.6705,0.1339,0.3327,0.6171,12.4333,8.6801,21.5642,11.6000,0,0.0000,0.0000,0,0.0910,0.0029,0.0071,0.0904,11.1782,0.2460,0.6112,11.0545,0.0000,0.0000,0.0000,0.0000,28,0.0000,0.0000,28,6.4845,0.8501,2.1121,6.4231,22.5503,0.0385,0.0956,22.5615,8.2719,0.1099,0.2730,8.2192,-35.0000,0.0000,0.0000,-35.0000,1.0000,0.0000,0.0000,1.0000,3861.1011,146.4223,363.7624,3880.5981
c10_cubic_r50,rt,downlink,cubic,ninguno,0,ninguno,-50,3,17.4000,0.0000,0.0000,17.4000,17.4000,0.0000,0.0000,17.4000,78.3333,0.5774,1.4343,78,936.5691,10.3060,25.6036,932.0705,926.8700,11.4130,28.3539,924.7900,1210.4078,8.4445,20.9790,1206.5480,470.0383,81.6612,202.8742,427.2870,1350.2067,7.0309,17.4673,1349.1400,151.0600,8.4058,20.8828,155.8621,0,0.0000,0.0000,0,1211.3333,138.4786,344.0278,1139,1959.5416,14.1347,35.1154,1954.3236,3180.3893,22.1723,55.0835,3172.3680,838.7386,5.6331,13.9945,835.9463,1166.5310,0.3610,0.8969,1166.6756,27.5614,1.8164,4.5125,26.6515,921.5322,5.7635,14.3184,918.5932,1351.9070,8.2283,20.4419,1352.9920,116910.6667,279.5252,694.4351,116764,0,0.0000,0.0000,0,0,0.0000,0.0000,0,434.3333,0.5774,1.4343,434,0,0.0000,0.0000,0,0.0000,0.0000,0.0000,0.0000,0.0000,0.0000,0.0000,0.0000,0,0.0000,0.0000,0,13.0140,0.1726,0.4288,13.0773,13.2333,0.5132,1.2749,13.1000,17.3333,0.0902,0.2241,17.3400,0.0000,0.0000,0.0000,0.0000,894.3592,5.3360,13.2564,896.6331,911.5000,7.6974,19.1230,909.5000,1190.0500,3.8311,9.5178,1188.8000,0.0000,0.0000,0.0000,0.0000,894.9477,1.6375,4.0681,895.1657,911.6667,6.7885,16.8649,908.0000,1192.3500,6.8609,17.0449,1189.3500,0.0000,0.0000,0.0000,0.0000,0.0000,0.0000,0.0000,0.0000,0,0.0000,0.0000,0,0.0000,0.0000,0.0000,0.0000,0,0.0000,0.0000,0,50.3309,0.0357,0.0887,50.3333,1.0264,0.2296,0.5705,0.9250,12.6667,13.9776,34.7251,5.0000,0,0.0000,0.0000,0,0.0000,0.0000,0.0000,0.0000,26.9486,0.0872,0.2165,26.9412,0.0000,0.0000,0.0000,0.0000,28,0.0000,0.0000,28,7.1569,0.1414,0.3513,7.1961,22.8385,0.1188,0.2952,22.8569,46.8106,0.0480,0.1192,46.7941,-36.0000,0.0000,0.0000,-36.0000,1.0000,0.0000,0.0000,1.0000,936.5634,10.3126,25.6199,932.0567
c10_prague_r2_u10,rt,downlink,prague,ninguno,0,ninguno,-2,3,2.7233,0.4041,1.0040,2.7900,2.7200,0.4034,1.0021,2.7800,77.3333,0.5774,1.4343,77,28.5181,0.7011,1.7417,28.4465,28.0728,0.8035,1.9963,28.4900,36.1585,3.3606,8.3488,34.9766,20.9807,1.4770,3.6693,21.6390,41.3540,7.9871,19.8426,37.9510,4.2586,1.2994,3.2282,4.1263,5063,185.9758,462.0268,5117,1.3333,0.5774,1.4343,1,14.9224,2.7379,6.8019,15.8055,38.7493,0.8441,2.0970,39.1920,9.7251,1.1506,2.8585,9.5103,21.3029,3.6497,9.0672,21.2976,8.5777,1.5822,3.9307,9.1315,8.4261,0.8313,2.0653,8.2533,33.3823,7.6874,19.0982,34.1450,57185.6667,976.1836,2425.1701,57580,2,0.0000,0.0000,2,0,0.0000,0.0000,0,10632.6667,1950.3421,4845.3094,11146,3697.6667,143.8657,357.4110,3761,35.4565,5.5657,13.8270,33.7430,0.0035,0.0001,0.0001,0.0035,10000,0.0000,0.0000,10000,12.8166,0.6266,1.5568,12.6130,12.8167,0.7320,1.8186,12.7000,17.0433,0.6200,1.5403,16.7550,0.0000,0.0000,0.0000,0.0000,28.5794,0.2142,0.5323,28.6088,28.7333,0.1155,0.2869,28.8000,43.4333,3.4020,8.4516,42.1000,0.0000,0.0000,0.0000,0.0000,28.6999,0.0884,0.2197,28.6568,28.5000,0.4359,1.0829,28.7000,43.1667,1.4468,3.5944,43.9000,0.0000,0.0000,0.0000,0.0000,7.3329,1.5860,3.9402,7.4493,0,0.0000,0.0000,0,0.0072,0.0062,0.0155,0.0106,0,0.0000,0.0000,0,48.8235,0.5109,1.2693,48.5686,0.8702,0.4756,1.1815,0.6117,16.8000,20.7053,51.4390,5.4000,0,0.0000,0.0000,0,0.1034,0.0037,0.0092,0.1027,6.2810,0.7994,1.9861,6.5098,0.0001,0.0001,0.0001,0.0001,28,0.0000,0.0000,28,6.0196,0.6141,1.5257,5.7255,22.5549,0.0890,0.2211,22.5843,4.2758,0.0634,0.1575,4.2392,-34.0523,0.0113,0.0281,-34.0588,1.0000,0.0000,0.0000,1.0000,28.5181,0.7011,1.7417,28.4465
c10_prague_r2_u20,rt,downlink,prague,ninguno,0,ninguno,-2,3,2.6500,0.6062,1.5061,2.3000,2.6500,0.6062,1.5061,2.3000,77.3333,0.5774,1.4343,77,37.2299,1.1030,2.7402,36.6991,36.9423,1.6443,4.0851,36.3490,47.7567,2.5932,6.4424,46.3686,23.9947,3.6387,9.0398,24.5820,58.5207,7.4668,18.5501,60.6090,6.7557,2.0042,4.9792,6.8538,4575,74.4849,185.0457,4533,2.3333,4.0415,10.0403,0,525.0029,883.4976,2194.9069,14.9284,2085.7547,3544.6746,8806.1706,40.6960,18.1808,1.5703,3.9012,18.9818,33.2012,5.1639,12.8288,35.9957,368.6966,625.9096,1554.9712,7.3514,17.3060,0.9829,2.4418,17.7530,48.3960,11.9802,29.7630,55.0020,57962.6667,1948.5519,4840.8618,57075,588.3333,1019.0232,2531.5983,0,0,0.0000,0.0000,0,9836.6667,2216.4750,5506.4735,8568,3302,31.2250,77.5734,3292,34.6347,7.1035,17.6476,38.5209,0.9773,1.6928,4.2055,0.0000,20000,0.0000,0.0000,20000,12.1953,0.3870,0.9616,12.1533,12.1500,0.5268,1.3087,12.2000,16.7583,0.1942,0.4824,16.7000,0.0000,0.0000,0.0000,0.0000,38.0229,0.6653,1.6529,38.3948,38.0000,0.7937,1.9719,38.3000,56.7333,2.9704,7.3795,57.7000,0.0000,0.0000,0.0000,0.0000,37.6002,0.6291,1.5628,37.6585,37.5000,1.0583,2.6292,37.1000,56.1350,3.7606,9.3426,57.4000,0.0538,0.0931,0.2313,0.0000,6.9880,2.2637,5.6238,5.7266,0,0.0000,0.0000,0,0.0000,0.0000,0.0000,0.0000,0,0.0000,0.0000,0,49.1471,0.5782,1.4364,48.9412,1.8214,1.2740,3.1650,1.6614,12.8667,11.5093,28.5929,8.6000,0,0.0000,0.0000,0,0.1034,0.0016,0.0040,0.1035,6.2365,1.3740,3.4135,5.5294,0.0000,0.0000,0.0000,0.0000,28,0.0000,0.0000,28,6.7957,0.3173,0.7882,6.6471,22.5248,0.0928,0.2306,22.4725,4.0059,0.1630,0.4050,3.9176,-34.1060,0.0703,0.1747,-34.0980,1.0000,0.0000,0.0000,1.0000,37.2297,1.1029,2.7399,36.6990
c10_prague_r2_u40,rt,downlink,prague,ninguno,0,ninguno,-2,3,2.3200,0.0000,0.0000,2.3200,2.3167,0.0058,0.0143,2.3200,78,0.0000,0.0000,78,54.5466,2.4826,6.1676,53.6507,53.3137,3.2547,8.0858,53.4810,72.8900,8.1526,20.2539,75.6014,29.0360,2.9292,7.2772,28.8070,87.0523,9.3403,23.2045,91.4580,10.4836,1.7526,4.3540,11.4929,4091.6667,32.0208,79.5506,4093,0,0.0000,0.0000,0,19.9289,0.1367,0.3396,19.8870,47.8027,0.8683,2.1572,48.3040,34.8764,0.0631,0.1567,34.8456,57.9717,0.4056,1.0077,57.8649,7.5346,0.0488,0.1211,7.5495,34.7743,0.0602,0.1497,34.7427,82.7363,1.3419,3.3337,83.1360,57640.3333,376.4656,935.2678,57796,4,0.0000,0.0000,4,0,0.0000,0.0000,0,8655.3333,65.6531,163.1046,8666,2986,27.2213,67.6270,2975,34.4989,0.1507,0.3745,34.5486,0.0069,0.0000,0.0001,0.0069,40000,0.0000,0.0000,40000,12.5298,0.4123,1.0243,12.4407,12.2500,0.4272,1.0613,12.2000,16.9317,0.2281,0.5666,16.8000,0.0000,0.0000,0.0000,0.0000,54.6146,1.0356,2.5727,55.1262,54.2667,1.2858,3.1944,54.8000,81.4667,0.7572,1.8811,81.8000,0.0000,0.0000,0.0000,0.0000,54.4728,0.2411,0.5989,54.4850,54.1667,0.5033,1.2504,54.1000,80.7650,1.1212,2.7855,80.5000,0.0000,0.0000,0.0000,0.0000,5.6708,0.0598,0.1485,5.6452,0,0.0000,0.0000,0,0.0000,0.0000,0.0000,0.0000,0,0.0000,0.0000,0,48.6546,0.1353,0.3362,48.6200,0.9441,0.1434,0.3563,0.9666,5.7667,1.8175,4.5153,5.2000,0,0.0000,0.0000,0,0.1005,0.0029,0.0072,0.0994,5.3111,0.1215,0.3019,5.3333,0.0000,0.0000,0.0000,0.0000,28,0.0000,0.0000,28,5.8520,0.4089,1.0158,5.9600,22.5252,0.0840,0.2087,22.5275,4.1102,0.4686,1.1641,3.9200,-34.0863,0.0311,0.0772,-34.0800,1.0000,0.0000,0.0000,1.0000,54.5467,2.4825,6.1675,53.6508
c10_prague_r4_u10,rt,downlink,prague,ninguno,0,ninguno,-4,3,4.7367,0.0306,0.0759,4.7300,4.7367,0.0306,0.0759,4.7300,77.3333,0.5774,1.4343,77,24.8435,0.1650,0.4100,24.8931,24.0075,0.5643,1.4019,24.1765,32.9690,2.3272,5.7814,33.4984,16.9913,0.6837,1.6986,17.2660,40.6603,2.9242,7.2648,40.0250,4.8574,0.3257,0.8091,4.7673,6343.6667,46.6083,115.7908,6335,0.6667,0.5774,1.4343,1,21.3216,0.0271,0.0674,21.3060,49.3067,3.1308,7.7780,48.3040,7.9822,0.0221,0.0548,7.9942,15.6219,0.0707,0.1757,15.6488,11.9794,0.0644,0.1600,11.9941,7.3957,0.0270,0.0672,7.3920,31.7380,4.4640,11.0900,29.6940,64818.6667,258.0627,641.1149,64799,0.3333,0.5774,1.4343,0,0,0.0000,0.0000,0,17285,209.2152,519.7613,17234,4478,29.8161,74.0733,4486,25.9086,0.2665,0.6620,25.9850,0.0005,0.0009,0.0022,0.0000,10000,0.0000,0.0000,10000,12.8087,0.0820,0.2038,12.8107,12.6833,0.1041,0.2586,12.6500,17.0500,0.1735,0.4310,17.0100,0.0000,0.0000,0.0000,0.0000,24.8984,0.5184,1.2880,24.6776,24.7667,0.7234,1.7972,24.4000,38.0667,0.0577,0.1434,38.1000,0.0000,0.0000,0.0000,0.0000,24.8706,0.0254,0.0630,24.8730,24.8333,0.2082,0.5172,24.9000,37.6667,0.2887,0.7172,37.5000,0.0000,0.0000,0.0000,0.0000,5.9949,0.1000,0.2484,6.0522,0,0.0000,0.0000,0,0.0000,0.0000,0.0000,0.0000,0,0.0000,0.0000,0,49.9200,0.4703,1.1684,49.7000,0.8737,0.1620,0.4025,0.8921,4.7333,1.0504,2.6095,4.7000,0,0.0000,0.0000,0,0.0922,0.0023,0.0057,0.0928,11.1333,0.1172,0.2911,11.1800,0.0000,0.0000,0.0000,0.0000,28,0.0000,0.0000,28,7.8267,0.1858,0.4617,7.8800,22.7133,0.0122,0.0304,22.7160,8.2247,0.1102,0.2737,8.2180,-35.0000,0.0000,0.0000,-35.0000,1.0000,0.0000,0.0000,1.0000,24.8435,0.1652,0.4103,24.8931
c10_prague_r4_u20,rt,downlink,prague,ninguno,0,ninguno,-4,3,4.7833,0.0404,0.1004,4.7900,4.7767,0.0416,0.1034,4.7900,77,1.0000,2.4843,77,32.9012,0.5482,1.3620,32.8436,32.9035,0.2350,0.5839,32.9320,40.3522,1.1319,2.8121,39.7823,20.0617,3.0653,7.6152,21.3850,47.4520,4.0203,9.9878,47.7680,5.0366,0.5275,1.3104,5.3144,5799,34.3948,85.4482,5793,0.3333,0.5774,1.4343,0,27.5778,0.1536,0.3815,27.5455,56.2960,0.8948,2.2230,55.8240,16.4133,0.0589,0.1464,16.4165,26.0784,0.3488,0.8666,26.0082,12.6271,0.1801,0.4475,12.6348,16.4782,0.0532,0.1322,16.4693,39.2333,0.9862,2.4500,39.1910,65659.3333,297.7656,739.7504,65592,0,0.0000,0.0000,0,0,0.0000,0.0000,0,17447,145.8115,362.2451,17458,4090.3333,30.5014,75.7757,4090,23.4449,0.1765,0.4384,23.4736,0.0000,0.0000,0.0000,0.0000,20000,0.0000,0.0000,20000,12.3137,0.5039,1.2519,12.4087,12.4333,0.6351,1.5778,12.8000,16.6800,0.6152,1.5285,16.7000,0.0000,0.0000,0.0000,0.0000,33.4742,0.3398,0.8442,33.6006,33.5167,0.4010,0.9963,33.5500,49.5050,1.4817,3.6812,48.7000,0.0000,0.0000,0.0000,0.0000,33.8676,0.2623,0.6515,33.8948,34.1000,0.3606,0.8957,34.0000,47.9667,0.8737,2.1705,48.2000,0.0000,0.0000,0.0000,0.0000,5.9927,0.0897,0.2229,5.9697,0,0.0000,0.0000,0,0.0000,0.0000,0.0000,0.0000,0,0.0000,0.0000,0,49.5026,0.2107,0.5235,49.6078,1.4078,0.4941,1.2276,1.5464,27.3333,23.6910,58.8564,19.7000,0,0.0000,0.0000,0,0.0937,0.0049,0.0122,0.0934,11.3774,0.0516,0.1282,11.3922,0.0000,0.0000,0.0000,0.0000,28,0.0000,0.0000,28,7.4450,0.7629,1.8953,7.3400,22.6564,0.0154,0.0383,22.6560,8.2882,0.2744,0.6818,8.3706,-34.9933,0.0115,0.0287,-35.0000,1.0000,0.0000,0.0000,1.0000,32.9012,0.5483,1.3621,32.8434
c10_prague_r4_u40,rt,downlink,prague,ninguno,0,ninguno,-4,3,4.7667,0.0306,0.0759,4.7600,4.7667,0.0306,0.0759,4.7600,77,0.0000,0.0000,77,50.8031,1.9379,4.8144,50.2990,51.3057,0.9780,2.4298,51.4310,65.7673,4.9845,12.3832,63.0060,30.0743,4.9929,12.4040,29.4770,74.2413,3.0171,7.4955,73.6930,8.3918,0.3631,0.9020,8.2067,4873,26.2298,65.1636,4869,0,0.0000,0.0000,0,38.6647,0.3959,0.9835,38.8874,72.8693,0.8683,2.1572,72.3680,33.3485,0.1028,0.2554,33.3337,47.9772,0.6304,1.5661,47.7046,12.8224,0.3718,0.9237,12.8995,34.9132,0.1035,0.2571,34.8861,72.1433,7.8980,19.6214,71.3690,66206.6667,222.8998,553.7586,66169,0.3333,0.5774,1.4343,0,0,0.0000,0.0000,0,17734.6667,94.5639,234.9287,17751,3472.3333,33.2315,82.5583,3490,19.5791,0.0950,0.2361,19.6016,0.0005,0.0009,0.0022,0.0000,40000,0.0000,0.0000,40000,12.7444,0.2440,0.6061,12.8173,12.7333,0.3547,0.8813,12.8000,17.1650,0.4244,1.0542,16.9200,0.0000,0.0000,0.0000,0.0000,52.1693,0.2686,0.6674,52.0569,52.5333,0.6429,1.5972,52.8000,74.0333,2.3438,5.8228,73.1000,0.0000,0.0000,0.0000,0.0000,52.1420,0.2539,0.6307,52.2091,52.5000,0.3606,0.8957,52.6000,73.4667,1.3429,3.3362,72.9000,0.0000,0.0000,0.0000,0.0000,5.9559,0.0544,0.1352,5.9788,0,0.0000,0.0000,0,0.0000,0.0000,0.0000,0.0000,0,0.0000,0.0000,0,50.0494,0.4964,1.2331,50.0196,0.8676,0.2362,0.5867,0.8608,5.5667,1.4189,3.5251,5.3000,0,0.0000,0.0000,0,0.0875,0.0017,0.0043,0.0870,11.2051,0.1706,0.4238,11.1961,0.0000,0.0000,0.0000,0.0000,28,0.0000,0.0000,28,8.3365,0.1420,0.3527,8.3333,22.6736,0.1958,0.4865,22.6804,8.3062,0.1336,0.3320,8.3510,-35.0000,0.0000,0.0000,-35.0000,1.0000,0.0000,0.0000,1.0000,50.8032,1.9378,4.8142,50.2992
c10_prague_r50_u0,rt,downlink,prague,ninguno,0,ninguno,-50,3,16.1000,2.0785,5.1636,17.3000,16.1000,2.0785,5.1636,17.3000,79,1.0000,2.4843,79,598.5885,508.7361,1263.8726,858.7022,600.2212,510.6439,1268.6123,859.3480,627.8099,533.4830,1325.3522,874.8102,560.4777,477.3553,1185.9119,827.3250,633.3897,537.4280,1335.1530,881.7160,19.2023,22.5268,55.9642,11.2885,0,0.0000,0.0000,0,0,0.0000,0.0000,0,1262.3790,1067.7661,2652.6920,1811.4281,1529.6800,1282.6930,3186.6432,2104.1760,533.1270,462.5493,1149.1290,770.1209,614.4739,534.6071,1328.1449,864.2032,24.1907,2.6002,6.4597,24.6877,585.5313,507.6390,1261.1470,845.7049,629.2147,545.0217,1354.0182,875.9350,102764,23793.1951,59110.3436,116476,0,0.0000,0.0000,0,0,0.0000,0.0000,0,60087.6667,7320.2309,18185.9293,64304,0,0.0000,0.0000,0,0.0000,0.0000,0.0000,0.0000,0.0000,0.0000,0.0000,0.0000,0,0.0000,0.0000,0,12.7221,0.3286,0.8163,12.8693,12.7333,0.0577,0.1434,12.7000,17.1650,0.4181,1.0388,17.2850,0.0000,0.0000,0.0000,0.0000,575.6791,486.8669,1209.5420,829.0887,598.7333,507.0507,1259.6854,862.0000,633.6000,532.0305,1321.7438,882.0000,0.0000,0.0000,0.0000,0.0000,575.6890,486.7371,1209.2197,829.0616,598.4667,506.6761,1258.7548,861.0000,632.5667,532.0879,1321.8864,881.0000,0.0000,0.0000,0.0000,0.0000,0.0000,0.0000,0.0000,0.0000,0,0.0000,0.0000,0,0.0000,0.0000,0.0000,0.0000,0,0.0000,0.0000,0,50.2635,0.1976,0.4909,50.3396,0.9516,0.2060,0.5119,0.8978,14.1667,15.3604,38.1605,5.6000,0,0.0000,0.0000,0,0.0000,0.0000,0.0000,0.0000,26.9018,0.3829,0.9513,26.9216,0.0000,0.0000,0.0000,0.0000,28,0.0000,0.0000,28,7.4626,0.7867,1.9545,7.6863,23.1863,0.1189,0.2953,23.2529,46.8348,0.0736,0.1828,46.8647,-36.0000,0.0000,0.0000,-36.0000,1.0000,0.0000,0.0000,1.0000,598.5863,508.7342,1263.8678,858.6968
c10_prague_r50_u10,rt,downlink,prague,ninguno,0,ninguno,-50,3,17.1000,0.0000,0.0000,17.1000,17.1000,0.0000,0.0000,17.1000,76.3333,0.5774,1.4343,76,19.0139,0.3012,0.7482,19.0079,18.5550,0.2599,0.6456,18.5465,23.5092,0.6060,1.5054,23.3460,13.6550,0.7080,1.7590,13.8050,25.7333,1.7856,4.4359,25.0730,2.5312,0.0489,0.1214,2.5578,7542.6667,100.2713,249.1078,7596,0,0.0000,0.0000,0,50.7029,2.6363,6.5495,51.0514,105.8987,0.7667,1.9048,105.4560,5.5673,0.1659,0.4121,5.6461,10.6386,0.6438,1.5995,10.3664,26.4729,1.6188,4.0215,25.7404,5.9911,0.0219,0.0543,5.9901,16.1460,0.4062,1.0091,16.0830,111878,109.6722,272.4629,111864,0,0.0000,0.0000,0,0,0.0000,0.0000,0,62010,68.1982,169.4275,62016,5293,80.4301,199.8156,5258,8.5357,0.1306,0.3244,8.4890,0.0000,0.0000,0.0000,0.0000,10000,0.0000,0.0000,10000,12.3201,0.7593,1.8864,11.8983,12.2833,1.1361,2.8226,12.1000,16.6200,0.3090,0.7676,16.6550,0.0000,0.0000,0.0000,0.0000,19.8430,0.2564,0.6370,19.7895,19.9667,0.3786,0.9406,19.8000,28.1667,0.2887,0.7172,28.0000,0.0000,0.0000,0.0000,0.0000,19.8923,0.2481,0.6164,19.9143,19.9667,0.2082,0.5172,19.9000,28.5000,0.3000,0.7453,28.5000,0.0000,0.0000,0.0000,0.0000,0.0000,0.0000,0.0000,0.0000,0,0.0000,0.0000,0,0.0000,0.0000,0.0000,0.0000,0,0.0000,0.0000,0,50.8801,0.2836,0.7046,50.9804,0.6145,0.0806,0.2002,0.5850,9.3333,6.7114,16.6735,7.0000,0,0.0000,0.0000,0,0.0000,0.0000,0.0000,0.0000,26.8626,0.2209,0.5487,26.9800,0.0000,0.0000,0.0000,0.0000,28,0.0000,0.0000,28,7.8163,0.5239,1.3016,7.5490,23.1276,0.0344,0.0855,23.1260,46.8565,0.0381,0.0946,46.8400,-36.0000,0.0000,0.0000,-36.0000,1.0000,0.0000,0.0000,1.0000,19.0139,0.3011,0.7481,19.0078
c10_prague_r50_u20,rt,downlink,prague,ninguno,0,ninguno,-50,3,17.3000,0.0000,0.0000,17.3000,17.3000,0.0000,0.0000,17.3000,76,0.0000,0.0000,76,28.8169,0.1883,0.4678,28.7979,29.0158,0.4297,1.0676,28.9995,33.5736,0.6434,1.5985,33.4620,22.5350,1.5407,3.8276,23.2170,35.4120,1.0348,2.5709,35.1650,2.9686,0.3566,0.8858,2.7631,7906.3333,35.3883,87.9166,7895,0,0.0000,0.0000,0,74.9755,2.2176,5.5093,75.0033,129.5200,1.5040,3.7364,129.5200,14.6126,0.1466,0.3643,14.6635,21.1510,0.4840,1.2025,21.3815,28.3383,2.0424,5.0740,27.9447,15.5839,0.0351,0.0873,15.5726,27.0570,0.7464,1.8544,27.1000,113833.6667,61.9220,153.8352,113842,0,0.0000,0.0000,0,0,0.0000,0.0000,0,62853.6667,47.4377,117.8512,62871,5573,53.0283,131.7402,5575,8.8666,0.0835,0.2074,8.8774,0.0000,0.0000,0.0000,0.0000,20000,0.0000,0.0000,20000,12.0197,0.3753,0.9323,12.0737,11.9833,0.7522,1.8688,12.0500,16.4850,0.2338,0.5809,16.3500,0.0000,0.0000,0.0000,0.0000,30.1513,0.2664,0.6619,30.0886,30.1000,0.1732,0.4303,30.0000,40.4667,0.4041,1.0040,40.4000,0.0000,0.0000,0.0000,0.0000,30.0089,0.0869,0.2158,30.0551,29.9000,0.1000,0.2484,29.9000,40.2333,0.3215,0.7986,40.1000,0.0000,0.0000,0.0000,0.0000,0.0000,0.0000,0.0000,0.0000,0,0.0000,0.0000,0,0.0000,0.0000,0.0000,0.0000,0,0.0000,0.0000,0,50.7390,0.5321,1.3218,50.9200,1.0455,0.0461,0.1145,1.0416,5.8333,1.4048,3.4899,5.7000,0,0.0000,0.0000,0,0.0000,0.0000,0.0000,0.0000,26.9340,0.0409,0.1015,26.9200,0.0000,0.0000,0.0000,0.0000,28,0.0000,0.0000,28,7.4919,0.6275,1.5590,7.1600,23.1955,0.1153,0.2866,23.2240,46.8409,0.0855,0.2123,46.8160,-36.0000,0.0000,0.0000,-36.0000,1.0000,0.0000,0.0000,1.0000,28.8168,0.1883,0.4677,28.7979
