prueba,caso,rep,modo,dir,cca,punto,rate_mbit,qdisc,ruido_dB,goodput_mbps,throughput_cliente_mbps,rtt_muestras,rtt_media_ms,rtt_mediana_ms,rtt_p95_ms,rtt_min_ms,rtt_max_ms,rtt_desv_ms,ce_entregadas,retransmisiones,aqm_enviados_pkt,aqm_descartes,aqm_ecn_mark,aqm_step_marks,dualpi2_delay_c_ms,dualpi2_delay_l_ms,dualpi2_prob,cola_aqm_pkts,dualpi2_pkts_c,dualpi2_pkts_l,rlc_cola_kB_media,rlc_cola_kB_max,rlc_hol_ms_media,rlc_hol_ms_p95,rlc_en_vuelo_media,rlc_estancia_ms_media,rlc_estancia_ms_max,rlc_pdu_tx,rlc_pdu_retx,rlc_descartes_buffer,l4s_paquetes,l4s_marcas,l4s_marcas_pct,rlc_retx_pct,umbral_us,ping_reposo_media_ms,ping_reposo_mediana_ms,ping_reposo_p95_ms,ping_reposo_perdidas_pct,ping_clasico_media_ms,ping_clasico_mediana_ms,ping_clasico_p95_ms,ping_clasico_perdidas_pct,ping_l4s_media_ms,ping_l4s_mediana_ms,ping_l4s_p95_ms,ping_l4s_perdidas_pct,harq_retx_dl_pct,harq_perdidos_dl,harq_retx_ul_pct,harq_perdidos_ul,ph_ul_db,pacing_tarde_pct,pacing_max_ms,pacing_reanclajes,bler_dl,mcs_dl,bler_ul,mcs_ul,nprb_ul,snr_ul_db,sinr_db,rsrp_dbm,factor_escala,rtt_media_corregida_ms
p001_dl_prague_dualpi2upf_rep03,dl_prague_dualpi2upf,3,rt,downlink,prague,upf-tun0,0,dualpi2,ninguno,22.6000,22.6000,78,13.4291,13.3710,17.5945,10.2690,18.6340,2.3728,0,0,121483,0,0,0,0.0000,0.0000,0.0000,0,620,120863,42.4957,76.8800,0.2501,0.5546,27.9347,0.5199,4.8560,87563,0,0,82113,0,0.0000,0.0000,0,12.9867,12.5500,17.4100,0.0000,15.0003,15.0000,21.9000,0.0000,15.1849,15.6000,21.9000,0.0000,0.0000,0,0.0000,0,52.3529,0.1664,5.4000,0,0.0000,27,0.0000,28,37.7843,22.4706,43.8784,-41.0000,1.0000,13.4286
p002_dl_prague_marcado_rep03,dl_prague_marcado,3,rt,downlink,prague,ninguno,0,ninguno,ninguno,69.8000,69.7000,76,15.7978,15.9715,22.5755,10.6080,23.4270,3.4355,6880,0,,,,,,,,,,,158.3589,392.5440,3.6098,9.1122,84.5725,4.5429,13.3740,305114,0,0,260326,5377,2.0655,0.0000,10000,12.9427,13.0500,17.3950,0.0000,18.4655,19.1000,26.9000,0.0000,18.2929,18.9000,26.7000,0.0000,0.0000,0,0.0000,0,51.3800,0.2525,5.8000,0,0.0000,26.8000,0.0000,28,41.4000,23.0960,43.9860,-41.0000,1.0000,15.7978
p003_dl_prague_sinmarcado_rep03,dl_prague_sinmarcado,3,rt,downlink,prague,ninguno,0,ninguno,ninguno,17.1000,17.0000,79,13.0160,12.8330,16.0702,9.9500,17.5690,1.8543,0,0,,,,,,,,,,,31.8219,61.7520,0.1137,0.6210,21.1330,0.4444,5.9360,67285,0,0,62741,0,0.0000,0.0000,0,13.1563,13.6000,17.1650,0.0000,14.8786,14.8000,21.8000,0.0000,13.7567,13.7000,21.3000,0.0000,0.0000,0,0.0000,0,51.5385,0.3142,4.7000,0,0.0000,26.9615,0.0000,28,20.3269,22.3558,43.7596,-41.0000,1.0000,13.0158
p004_dl_prague_marcado_rep04,dl_prague_marcado,4,rt,downlink,prague,ninguno,0,ninguno,ninguno,70.1000,70.1000,76,16.6370,16.3510,23.0720,10.7380,25.0030,3.5561,6879,0,,,,,,,,,,,179.5337,385.0240,3.7966,9.3582,91.2114,4.5377,16.2930,307180,0,0,262022,5375,2.0514,0.0000,10000,12.6187,12.8000,16.5850,0.0000,17.8035,18.5000,26.1000,0.0000,17.8375,18.2000,26.4000,0.0000,0.0000,0,0.0000,0,51.3600,0.4600,5.1000,0,0.0000,27.3600,0.0000,28,33.2600,22.9820,43.9640,-41.0000,1.0000,16.6371
p005_dl_cubic_sinmarcado_rep05,dl_cubic_sinmarcado,5,rt,downlink,cubic,ninguno,0,ninguno,ninguno,82.3000,82.3000,77,198.5657,193.8020,271.1160,95.6090,312.2140,40.9655,0,2629,,,,,,,,,,,2030.8152,3656.6720,168.8468,266.3493,119.4501,185.8654,313.8540,347889,0,0,424,0,0.0000,0.0000,0,13.0340,12.2000,17.7750,0.0000,191.7439,196.0000,290.8000,0.0000,191.2022,195.0000,281.9500,0.0000,0.0000,0,0.0000,0,52.1373,0.6678,5.5000,0,0.0000,26.4314,0.0000,28,26.4118,22.4941,43.7157,-41.0000,1.0000,198.5688
p006_dl_prague_marcado_rep10,dl_prague_marcado,10,rt,downlink,prague,ninguno,0,ninguno,ninguno,69.6000,69.6000,77,16.1005,15.7560,23.4910,10.5370,24.5310,3.7717,6498,0,,,,,,,,,,,178.7372,386.5280,3.8118,9.6300,90.2650,4.5415,13.5080,306094,0,0,261037,5000,1.9154,0.0000,10000,12.9843,13.0000,17.1750,0.0000,17.7715,18.4000,26.3000,0.0000,17.9190,18.5000,26.4000,0.0000,0.0000,0,0.0000,0,51.8400,0.0425,3.2000,0,0.0000,27.0400,0.0000,28,28.5000,23.0920,43.7300,-41.0000,1.0000,16.1005
p007_dl_cubic_sinmarcado_rep03,dl_cubic_sinmarcado,3,rt,downlink,cubic,ninguno,0,ninguno,ninguno,82.3000,82.3000,77,202.0438,196.0460,286.6972,86.6480,316.2370,43.1830,0,3172,,,,,,,,,,,2046.0283,3694.2160,169.4882,267.5515,125.8083,186.6288,314.3460,348235,0,0,424,0,0.0000,0.0000,0,12.4427,12.2500,16.9950,0.0000,192.2715,196.5000,286.9500,0.0000,192.1848,198.0000,285.9500,0.0000,0.0000,0,0.0000,0,52.7059,0.0607,4.0000,0,0.0000,26.9804,0.0000,28,28.5490,22.5627,43.9627,-41.0000,1.0000,202.0376
p008_dl_prague_sinmarcado_rep09,dl_prague_sinmarcado,9,rt,downlink,prague,ninguno,0,ninguno,ninguno,16.6000,16.6000,80,13.2966,12.8495,16.5082,10.6750,18.0610,1.8207,0,0,,,,,,,,,,,37.7223,67.7680,0.0885,0.6148,25.1868,0.4379,6.3650,65758,0,0,61187,0,0.0000,0.0000,0,11.8957,11.6500,16.5000,0.0000,14.6885,14.7000,22.6000,0.0000,14.8786,14.8000,21.1000,0.0000,0.0000,0,0.0000,0,51.6471,0.2707,5.5000,0,0.0000,27.3333,0.0000,28,19.3529,22.2804,44.1275,-41.0000,1.0000,13.2970
p009_dl_prague_sinmarcado_rep01,dl_prague_sinmarcado,1,rt,downlink,prague,ninguno,0,ninguno,ninguno,22.2000,22.2000,79,12.8007,12.0870,17.2033,9.8380,18.5180,2.2759,0,0,,,,,,,,,,,37.5859,99.2640,0.1454,0.4638,24.7229,0.5173,5.4230,86550,0,0,81115,0,0.0000,0.0000,0,12.6043,12.5500,17.3000,0.0000,14.9375,15.5000,21.9000,0.0000,14.6738,15.1000,21.8000,0.0000,0.0000,0,0.0000,0,51.4314,0.2808,3.9000,0,0.0000,27.1176,0.0000,28,30.5882,22.4765,43.6451,-41.0000,1.0000,12.8007
p010_dl_prague_dualpi2upf_rep04,dl_prague_dualpi2upf,4,rt,downlink,prague,upf-tun0,0,dualpi2,ninguno,31.9000,31.9000,78,12.9225,12.4470,17.1810,9.8060,20.0120,2.4223,0,0,169976,0,0,0,0.0000,0.0000,0.0000,0,612,169364,54.8091,136.8640,0.4229,1.1561,35.5523,0.5480,5.6130,121229,0,0,114991,0,0.0000,0.0000,0,12.4487,12.5500,17.1950,0.0000,15.7609,16.0000,23.1000,0.0000,15.8230,16.0000,22.9000,0.0000,0.0000,0,0.0000,0,52.2745,0.3786,4.8000,0,0.0000,26.9412,0.0000,28,33.5098,22.5529,43.6941,-41.0000,1.0000,12.9224
p011_ul_prague_rep09,ul_prague,9,rt,uplink,prague,ninguno,0,ninguno,ninguno,16.4000,16.4000,79,14.2090,13.0790,19.5969,10.8120,20.1320,2.7916,0,0,,,,,,,,,,,1.0066,2.8280,0.2449,1.2879,13.3250,0.4929,5.1400,42367,0,0,39726,0,0.0000,0.0000,0,13.6310,13.7500,17.6000,0.0000,15.8868,16.2000,23.0000,0.0000,15.2812,15.1000,23.0000,0.0000,0.0000,0,0.0000,0,57.1176,0.2036,4.2000,0,0.0000,26.9804,0.0000,28,63.4118,23.9078,43.9529,-41.0000,1.0000,14.2090
p012_dl_prague_sinmarcado_rep10,dl_prague_sinmarcado,10,rt,downlink,prague,ninguno,0,ninguno,ninguno,17.4000,17.4000,80,13.3870,12.9120,16.9431,10.3500,17.8270,2.0214,0,0,,,,,,,,,,,32.3844,60.1600,0.1163,0.6290,21.5051,0.4477,5.0030,68750,0,0,64054,0,0.0000,0.0000,0,13.6677,14.0500,17.6200,0.0000,15.3992,15.6000,22.5000,0.0000,15.5129,15.7000,22.4000,0.0000,0.0000,0,0.0000,0,51.5882,0.2207,5.0000,0,0.0000,27.2157,0.0000,28,20.6863,22.3667,44.3020,-41.0000,1.0000,13.3868
p013_dl_prague_sinmarcado_rep07,dl_prague_sinmarcado,7,rt,downlink,prague,ninguno,0,ninguno,ninguno,18.0000,17.9000,79,13.2766,12.8590,16.5300,10.4470,17.3240,1.9749,0,0,,,,,,,,,,,38.6232,72.1920,0.1313,0.6594,25.7556,0.4603,6.1850,70688,0,0,65905,0,0.0000,0.0000,0,13.2033,13.4000,17.6550,0.0000,15.2129,15.4000,22.0000,0.0000,15.0337,15.3000,21.6000,0.0000,0.0000,0,0.0000,0,51.5686,0.3329,5.2000,0,0.0000,27,0.0000,28,25.4902,22.3922,43.6275,-41.0000,1.0000,13.2767
p014_dl_prague_marcado_rep07,dl_prague_marcado,7,rt,downlink,prague,ninguno,0,ninguno,ninguno,70.2000,70.2000,77,16.9190,16.6490,22.4124,10.5560,23.3340,3.4073,6900,0,,,,,,,,,,,173.5498,388.0320,3.8372,9.6249,89.2340,4.5422,14.3850,306092,0,0,261033,5289,2.0262,0.0000,10000,12.4843,11.7500,17.4200,0.0000,17.9597,18.6000,26.4000,0.0000,17.8638,18.6000,26.5000,0.0000,0.0000,0,0.0000,0,51.1961,0.5917,7.2000,0,0.0000,26.8627,0.0000,28,27.3725,22.8686,44.0765,-41.0000,1.0000,16.9195
p015_dl_cubic_marcado_rep04,dl_cubic_marcado,4,rt,downlink,cubic,ninguno,0,ninguno,ninguno,82.3000,82.3000,77,205.1271,198.1970,285.2872,137.5670,308.1910,40.7424,0,3374,,,,,,,,,,,2024.4398,3704.6560,170.2819,266.7332,107.3906,187.5010,320.1640,347916,0,0,424,401,94.5755,0.0000,10000,13.2980,13.3000,17.2850,0.0000,193.2097,198.0000,286.8500,0.0000,192.9659,198.0000,282.9500,0.0000,0.0000,0,0.0000,0,53.7800,0.3671,5.9000,0,0.0000,27.2600,0.0000,28,41.3800,22.5380,44.1820,-41.0000,1.0000,205.1277
p016_dl_cubic_marcado_rep07,dl_cubic_marcado,7,rt,downlink,cubic,ninguno,0,ninguno,ninguno,82.4000,82.4000,78,171.7479,146.5585,264.8662,69.8980,305.2840,54.1388,0,2666,,,,,,,,,,,1724.0316,3628.7600,145.8015,262.8663,94.6695,160.5828,307.4420,348144,0,0,427,403,94.3794,0.0000,10000,13.4513,13.4500,17.7100,0.0000,167.8452,146.5000,283.8500,0.0000,166.9575,144.0000,282.0000,0.0000,0.0000,0,0.0000,0,52.1961,0.3678,3.9000,0,0.0000,27,0.0000,28,28.0784,22.5765,44.3314,-41.0000,1.0000,171.7515
p017_dl_cubic_sinmarcado_rep06,dl_cubic_sinmarcado,6,rt,downlink,cubic,ninguno,0,ninguno,ninguno,82.3000,82.3000,77,204.6046,199.2920,271.0228,82.7790,319.8570,39.6118,0,2050,,,,,,,,,,,2058.7725,3692.7120,173.3899,259.4982,107.4067,190.9122,316.5370,347744,0,0,427,0,0.0000,0.0000,0,12.7183,12.0500,17.4550,0.0000,194.9943,200.0000,276.0000,0.0000,194.2579,200.0000,277.8000,0.0000,0.0000,0,0.0000,0,52.9800,0.3192,4.6000,0,0.0000,27.2800,0.0000,28,26.8600,22.4540,44.0780,-41.0000,1.0000,204.6085
p018_dl_cubic_sinmarcado_rep04,dl_cubic_sinmarcado,4,rt,downlink,cubic,ninguno,0,ninguno,ninguno,82.4000,82.3000,77,131.3516,122.9760,247.7408,82.6980,298.4640,47.5143,0,950,,,,,,,,,,,1283.8027,3495.7440,105.8627,228.3385,92.8853,116.4976,297.3920,348407,0,0,423,0,0.0000,0.0000,0,12.9730,13.3500,16.7000,0.0000,127.0327,122.0000,249.0000,0.0000,126.7174,122.0000,248.0000,0.0000,0.0000,0,0.0000,0,52.4706,0.5317,6.2000,0,0.0000,27.0588,0.0000,28,41.2157,22.4686,43.8824,-41.0000,1.0000,131.3528
p019_ul_prague_rep05,ul_prague,5,rt,uplink,prague,ninguno,0,ninguno,ninguno,27.0000,27.0000,78,13.7324,13.6000,16.2905,11.0700,17.8780,1.6232,0,0,,,,,,,,,,,1.6149,3.7120,0.0109,0.0000,23.5867,0.5774,4.0930,67500,0,0,423,0,0.0000,0.0000,0,13.4417,13.8500,17.2300,0.0000,14.0428,14.1000,17.6000,0.0000,13.6077,13.5000,17.5000,0.0000,0.0000,0,0.0000,0,60.1373,0.2200,3.8000,0,0.0000,26.7647,0.0000,28,82.5098,23.4941,44.5118,-41.0000,1.0000,13.7322
p020_dl_cubic_marcado_rep06,dl_cubic_marcado,6,rt,downlink,cubic,ninguno,0,ninguno,ninguno,82.3000,82.3000,77,168.2280,145.1130,276.7858,101.9330,315.5800,52.6140,0,2612,,,,,,,,,,,1694.7324,3671.6560,139.6930,261.7908,103.7959,153.6045,316.4520,347620,0,0,424,403,95.0472,0.0000,10000,13.7927,14.4500,17.3200,0.0000,161.9588,144.0000,279.0000,0.1613,161.4827,145.0000,278.8500,0.0000,0.0000,0,0.0000,0,53.1400,0.5092,6.5000,0,0.0000,27.2800,0.0000,28,33.5200,22.4620,43.9220,-41.0000,0.9999,168.2383
p021_ul_cubic_rep02,ul_cubic,2,rt,uplink,cubic,ninguno,0,ninguno,ninguno,34.2000,34.2000,77,674.5006,678.6710,800.8086,226.6960,911.1120,107.3597,0,58,,,,,,,,,,,1.0507,4.6040,0.0044,0.0000,18.4044,0.5727,5.5110,53799,0,0,434,0,0.0000,0.0000,0,13.0533,12.5500,17.8200,0.0000,629.8627,676.0000,823.5500,0.0000,629.1086,669.0000,810.0000,0.0000,0.0000,0,0.0000,0,59.9804,0.2825,6.4000,0,0.0000,27,0.0000,28,98.0784,23.6510,44.6294,-41.0000,1.0000,674.5061
p022_dl_cubic_sinmarcado_rep10,dl_cubic_sinmarcado,10,rt,downlink,cubic,ninguno,0,ninguno,ninguno,82.3000,82.3000,77,167.5991,149.8300,279.9996,43.0400,310.8860,53.6678,0,3020,,,,,,,,,,,1678.6717,3600.3600,138.9216,256.3236,106.6840,152.9040,309.4120,347947,0,0,424,0,0.0000,0.0000,0,13.3120,13.6000,17.2750,0.0000,161.0533,148.0000,277.0000,0.1613,160.6764,148.0000,275.9500,0.0000,0.0000,0,0.0000,0,52.3000,0.3007,4.2000,0,0.0000,26.7600,0.0000,28,34.5000,22.5120,44.1420,-41.0000,1.0000,167.5994
p023_ul_prague_rep08,ul_prague,8,rt,uplink,prague,ninguno,0,ninguno,ninguno,15.2000,15.2000,80,15.0664,13.8115,20.1373,10.3600,20.5740,3.4721,0,0,,,,,,,,,,,1.0681,2.5560,0.0918,0.8020,15.0541,0.4799,3.1680,42546,0,0,423,0,0.0000,0.0000,0,13.3937,13.3000,17.8550,0.0000,16.1538,16.6000,24.5000,0.0000,16.2907,16.8000,25.2000,0.0000,0.0000,0,0.0000,0,57.4615,0.3750,6.9000,0,0.0000,26.7885,0.0000,28,56.4038,24.2712,44.3673,-41.0000,1.0000,15.0666
p024_dl_prague_marcado_rep06,dl_prague_marcado,6,rt,downlink,prague,ninguno,0,ninguno,ninguno,70.1000,70.1000,77,15.4687,15.7060,21.8508,9.6570,24.4620,3.4186,6764,0,,,,,,,,,,,187.1586,383.6960,3.6876,8.2319,95.5955,4.5701,14.1930,307790,0,0,262497,5117,1.9494,0.0000,10000,13.4523,13.7500,17.6200,0.0000,17.7833,18.2000,26.3000,0.0000,18.0556,18.6000,26.4000,0.0000,0.0000,0,0.0000,0,51.0196,0.4486,8.0000,0,0.0000,26.6275,0.0000,28,31.3137,22.7784,44.1157,-41.0000,1.0000,15.4689
p025_dl_prague_marcado_rep02,dl_prague_marcado,2,rt,downlink,prague,ninguno,0,ninguno,ninguno,69.8000,69.8000,76,16.3133,15.6935,23.6532,9.9490,24.4060,4.0544,6474,0,,,,,,,,,,,203.3465,403.0720,3.3315,8.3397,112.5891,4.5766,15.3510,305901,0,0,260889,4988,1.9119,0.0000,10000,13.4573,13.0500,18.5300,0.0000,17.7896,18.4000,26.3000,0.0000,17.8029,18.4000,26.4000,0.0000,0.0000,0,0.0000,0,52.6600,0.3886,4.8000,0,0.0000,27.2400,0.0000,28,47.1200,23.0320,43.8720,-41.0000,1.0000,16.3142
p026_ul_cubic_rep03,ul_cubic,3,rt,uplink,cubic,ninguno,0,ninguno,ninguno,34.2000,34.2000,77,718.4735,715.3000,888.6340,405.7690,917.6420,108.8193,0,58,,,,,,,,,,,0.8791,3.2520,0.0257,0.2056,15.3140,0.5536,4.2900,50736,0,0,433,0,0.0000,0.0000,0,13.2957,13.6000,17.8650,0.0000,660.7957,696.0000,904.2000,0.0000,662.8780,700.0000,902.0000,0.0000,0.0000,0,0.0000,0,59.9804,0.1308,3.9000,0,0.0000,27.0784,0.0000,28,98.0784,23.6412,44.2608,-41.0000,1.0000,718.4867
p027_dl_prague_sinmarcado_rep02,dl_prague_sinmarcado,2,rt,downlink,prague,ninguno,0,ninguno,ninguno,19.9000,19.9000,79,12.8731,12.6560,16.2772,10.4620,17.5150,1.9336,0,0,,,,,,,,,,,45.8509,96.4320,0.2128,0.6030,30.3542,0.4885,7.7770,77435,0,0,72489,0,0.0000,0.0000,0,12.9180,12.5000,17.5650,0.0000,14.8761,14.8000,22.4000,0.0000,14.9404,15.0000,21.7000,0.0000,0.0000,0,0.0000,0,50.9216,0.5464,10.1000,0,0.0000,27.1176,0.0000,28,27.1176,22.3843,44.1804,-41.0000,1.0000,12.8731
p028_dl_cubic_sinmarcado_rep08,dl_cubic_sinmarcado,8,rt,downlink,cubic,ninguno,0,ninguno,ninguno,82.3000,82.3000,77,197.1625,192.3170,282.9558,68.2450,312.8240,44.0938,0,2736,,,,,,,,,,,1965.8071,3583.0640,167.7599,265.1013,92.8221,184.6173,311.6670,348374,0,0,424,0,0.0000,0.0000,0,13.0800,13.3000,17.1400,0.0000,190.3478,195.0000,286.9000,0.0000,189.6659,195.0000,280.9500,0.0000,0.0000,0,0.0000,0,52.7451,0.4193,5.3000,0,0.0000,26.9804,0.0000,28,33.0980,22.4745,44.1098,-41.0000,1.0000,197.1634
p029_dl_prague_dualpi2upf_rep07,dl_prague_dualpi2upf,7,rt,downlink,prague,upf-tun0,0,dualpi2,ninguno,16.2000,16.2000,80,13.2434,12.8545,16.4296,10.4440,16.8730,1.8726,0,0,88038,0,0,0,0.0000,0.0000,0.0000,0,612,87426,28.3131,72.1920,0.4065,1.2836,18.6436,0.4283,6.3860,63986,0,0,59601,0,0.0000,0.0000,0,12.5573,12.4500,16.8650,0.0000,15.2960,15.4000,21.6000,0.0000,15.2866,15.5000,21.8000,0.0000,0.0000,0,0.0000,0,51.5577,0.3200,5.5000,0,0.0000,26.8077,0.0000,28,18.7885,22.3981,44.2269,-41.0000,1.0000,13.2431
p030_ul_prague_rep07,ul_prague,7,rt,uplink,prague,ninguno,0,ninguno,ninguno,20.1000,20.1000,79,14.1083,13.3660,20.4027,9.9730,22.2120,3.2779,0,0,,,,,,,,,,,1.1593,3.4000,0.0222,0.1370,16.8426,0.5127,4.4300,53170,0,0,50527,0,0.0000,0.0000,0,13.5650,13.2000,18.1550,0.0000,15.7128,15.8000,23.1000,0.0000,15.7042,15.8000,22.9000,0.0000,0.0000,0,0.0000,0,56.9808,0.2907,6.0000,0,0.0000,26.5962,0.0000,28,63.9231,23.5731,44.2885,-41.0000,1.0000,14.1087
p031_dl_cubic_marcado_rep01,dl_cubic_marcado,1,rt,downlink,cubic,ninguno,0,ninguno,ninguno,82.3000,82.3000,77,171.6927,147.6560,282.8558,44.1890,302.3640,57.3400,0,2096,,,,,,,,,,,1742.1755,3681.4880,144.2612,262.6021,103.1479,158.6680,312.7370,347979,0,0,425,402,94.5882,0.0000,10000,13.3353,13.1500,17.2850,0.0000,166.1952,144.0000,279.6000,0.0000,166.1220,144.0000,280.8000,0.0000,0.0000,0,0.0000,0,52.1800,0.3158,3.9000,0,0.0000,27.0200,0.0000,28,27.3800,22.3220,43.8280,-41.0000,0.9999,171.7057
p032_dl_prague_dualpi2upf_rep08,dl_prague_dualpi2upf,8,rt,downlink,prague,upf-tun0,0,dualpi2,ninguno,22.8000,22.8000,79,13.3507,13.0640,17.1102,9.6810,18.1590,2.2945,0,0,122667,0,0,0,0.0000,0.0000,0.0000,0,612,122055,42.7463,78.2960,0.2560,0.5590,28.0827,0.5217,5.6130,88431,0,0,82925,0,0.0000,0.0000,0,14.0660,14.5000,18.1500,0.0000,14.9519,15.4000,21.6000,0.0000,14.8995,15.1000,22.3000,0.0000,0.0000,0,0.0000,0,52.3725,0.2992,3.6000,0,0.0000,27.1569,0.0000,28,33.9608,22.5333,44.0412,-41.0000,1.0000,13.3505
p033_dl_prague_dualpi2upf_rep06,dl_prague_dualpi2upf,6,rt,downlink,prague,upf-tun0,0,dualpi2,ninguno,20.5000,20.5000,79,12.8612,12.3530,16.9323,10.0060,18.3500,2.0934,0,0,110216,0,0,0,0.0000,0.0000,0.0000,0,619,109597,41.0828,76.8800,0.2016,0.5822,27.0874,0.4956,5.2930,79514,0,0,74408,0,0.0000,0.0000,0,13.6320,14.0000,17.2650,0.0000,15.0713,15.4000,22.2000,0.0000,14.5261,14.5000,21.8000,0.0000,0.0000,0,0.0000,0,51.7500,0.4736,5.6000,0,0.0000,26.6154,0.0000,28,25.8269,22.4712,44.1750,-41.0000,1.0000,12.8612
p034_dl_cubic_marcado_rep10,dl_cubic_marcado,10,rt,downlink,cubic,ninguno,0,ninguno,ninguno,82.3000,82.3000,77,173.4347,171.5250,249.9304,78.4050,302.1720,42.0769,0,611,,,,,,,,,,,1784.7399,3561.1680,146.0689,242.3725,123.7341,160.8843,305.6300,347812,0,0,426,402,94.3662,0.0000,10000,12.3757,12.1000,17.0400,0.0000,167.6250,172.0000,256.8500,0.0000,167.6058,172.0000,254.8500,0.0000,0.0000,0,0.0000,0,51.8235,0.4600,6.3000,0,0.0000,26.7255,0.0000,28,27.3725,22.4608,43.8294,-41.0000,1.0000,173.4343
p035_ul_cubic_rep06,ul_cubic,6,rt,uplink,cubic,ninguno,0,ninguno,ninguno,34.2000,34.2000,78,702.3276,699.7555,871.9561,464.5740,917.5300,93.9741,0,204,,,,,,,,,,,0.8697,4.7880,0.0552,0.4889,15.0276,0.5336,4.9520,48284,0,0,429,0,0.0000,0.0000,0,12.9813,12.9000,17.6100,0.0000,655.4848,692.0000,872.4000,0.0000,654.9672,693.0000,869.6000,0.0000,0.0000,0,0.0000,0,59.9804,0.3414,10.6000,0,0.0000,26.9608,0.0000,28,98.0784,23.6490,44.5431,-41.0000,1.0000,702.3235
p036_ul_cubic_rep10,ul_cubic,10,rt,uplink,cubic,ninguno,0,ninguno,ninguno,34.2000,34.2000,77,695.1010,692.5050,853.4732,477.3340,918.3200,91.7382,0,127,,,,,,,,,,,1.0119,2.7600,0.0069,0.0000,17.7588,0.5730,5.0730,51461,0,0,432,0,0.0000,0.0000,0,13.0813,13.3500,17.6200,0.0000,634.5830,678.5000,846.0000,0.0000,629.4007,680.5000,834.0000,0.0000,0.0000,0,0.0000,0,59.9804,0.1821,4.4000,0,0.0000,26.9216,0.0000,28,98.0784,23.5510,44.5569,-41.0000,1.0000,695.0937
p037_ul_cubic_rep05,ul_cubic,5,rt,uplink,cubic,ninguno,0,ninguno,ninguno,34.2000,34.2000,77,634.4494,604.8020,842.1952,428.9030,915.7310,110.5492,0,285,,,,,,,,,,,0.9152,6.0280,0.0006,0.0000,16.0224,0.5303,3.6290,48010,0,0,428,0,0.0000,0.0000,0,13.9417,14.3000,17.9000,0.0000,587.3154,583.5000,849.6500,0.0000,587.3840,584.0000,847.0000,0.0000,0.0000,0,0.0000,0,59.9804,0.1192,3.5000,0,0.0000,27.0392,0.0000,28,98.0784,23.6020,44.4804,-41.0000,1.0000,634.4687
p038_ul_prague_rep06,ul_prague,6,rt,uplink,prague,ninguno,0,ninguno,ninguno,15.6000,15.6000,80,14.4897,12.8680,19.7068,10.8390,20.4160,3.1703,0,0,,,,,,,,,,,1.1374,2.8280,0.0066,0.0000,16.5705,0.4876,4.6630,42749,0,0,423,0,0.0000,0.0000,0,13.4553,13.6500,17.7000,0.0000,16.0898,16.5000,25.4000,0.0000,16.5032,16.8000,25.5000,0.0000,0.0000,0,0.0000,0,59.2115,0.2814,5.0000,0,0.0000,26.9423,0.0000,28,66.8077,24.1942,44.4058,-41.0000,1.0000,14.4897
p039_dl_cubic_marcado_rep05,dl_cubic_marcado,5,rt,downlink,cubic,ninguno,0,ninguno,ninguno,82.3000,82.3000,77,166.9659,134.9220,272.3494,89.8830,298.2100,57.5083,0,2140,,,,,,,,,,,1688.4613,3732.6240,139.5654,256.9764,110.8156,153.5298,317.3260,347729,0,0,427,401,93.9110,0.0000,10000,13.4963,13.7500,17.7850,0.0000,160.2795,136.5000,274.0000,0.0000,159.3914,136.0000,272.4000,0.0000,0.0000,0,0.0000,0,54.0784,0.2658,4.8000,0,0.0000,27.0392,0.0000,28,36.6078,22.5549,43.9275,-41.0000,1.0000,166.9672
p040_dl_prague_dualpi2upf_rep01,dl_prague_dualpi2upf,1,rt,downlink,prague,upf-tun0,0,dualpi2,ninguno,17.3000,17.3000,79,12.8267,12.3340,16.4832,10.5890,17.7540,1.8163,0,0,94083,0,0,0,0.0000,0.0000,0.0000,0,619,93464,34.5459,64.8480,0.1800,0.6921,22.8852,0.4453,5.6900,68254,0,0,63625,0,0.0000,0.0000,0,12.8350,12.6500,17.5650,0.0000,15.1238,14.9000,22.1000,0.0000,14.5837,14.2000,22.2000,0.0000,0.0000,0,0.0000,0,52.9423,0.3343,5.2000,0,0.0000,26.8462,0.0000,28,23.1154,22.4346,43.8250,-41.0000,1.0000,12.8266
p041_ul_prague_rep03,ul_prague,3,rt,uplink,prague,ninguno,0,ninguno,ninguno,18.1000,18.1000,79,14.8734,13.9270,20.6640,10.2720,20.9210,3.6467,0,0,,,,,,,,,,,1.2072,3.3040,0.0455,0.3774,17.3794,0.5191,4.9270,49204,0,0,46529,0,0.0000,0.0000,0,13.5227,13.7000,17.3650,0.0000,16.1825,16.6000,25.2000,0.0000,15.8756,16.2000,24.4000,0.0000,0.0000,0,0.0000,0,59.0577,0.1836,4.9000,0,0.0000,26.5769,0.0000,28,70.7500,24.0942,44.4385,-41.0000,1.0000,14.8731
p042_ul_cubic_rep07,ul_cubic,7,rt,uplink,cubic,ninguno,0,ninguno,ninguno,34.2000,34.2000,77,701.8836,692.1510,893.8182,227.6480,916.8280,117.1976,0,505,,,,,,,,,,,0.8639,6.1280,0.0218,0.1810,14.9333,0.5261,2.9750,47941,0,0,433,0,0.0000,0.0000,0,13.5483,14.0000,17.6000,0.0000,651.7527,695.5000,890.6000,0.0000,646.6668,692.0000,886.8000,0.0000,0.0000,0,0.0000,0,59.9804,0.1683,3.7000,0,0.0000,26.9412,0.0000,28,98.0784,23.5471,44.4647,-41.0000,1.0000,701.8765
p043_dl_prague_marcado_rep01,dl_prague_marcado,1,rt,downlink,prague,ninguno,0,ninguno,ninguno,70.0000,70.0000,76,16.5807,16.1725,22.9800,11.3220,24.8990,3.3656,6688,0,,,,,,,,,,,201.5726,386.5280,3.3270,8.1875,110.9717,4.5488,15.1000,306706,0,0,261596,5206,1.9901,0.0000,10000,12.3730,12.0500,16.8550,0.0000,18.0138,18.6000,26.9000,0.0000,17.9334,18.8000,26.6000,0.0000,0.0000,0,0.0000,0,49.9020,0.3664,4.6000,0,0.0000,26.9020,0.0000,28,29.2353,22.7961,44.0961,-41.0000,1.0000,16.5800
p044_ul_cubic_rep09,ul_cubic,9,rt,uplink,cubic,ninguno,0,ninguno,ninguno,34.2000,34.2000,77,641.7912,608.6550,885.8236,225.6650,916.9100,136.3883,0,1093,,,,,,,,,,,0.9018,6.2160,0.0413,0.3706,15.3663,0.5340,4.8960,49381,0,0,434,0,0.0000,0.0000,0,13.3410,13.5500,17.6000,0.0000,594.8807,582.0000,880.0000,0.0000,592.3806,579.0000,879.0000,0.0000,0.0000,0,0.0000,0,60.2353,0.2183,4.8000,0,0.0000,27.1765,0.0000,28,100.0588,23.6353,44.0882,-41.0000,1.0000,641.7904
p045_dl_cubic_marcado_rep08,dl_cubic_marcado,8,rt,downlink,cubic,ninguno,0,ninguno,ninguno,82.3000,82.3000,77,173.0885,157.3380,278.8320,86.0380,317.8400,53.9356,0,3545,,,,,,,,,,,1745.0125,3622.8320,143.6724,262.8290,117.9603,158.2258,312.3030,347181,0,0,424,400,94.3396,0.0000,10000,13.4550,13.7000,17.4550,0.0000,165.9002,157.0000,283.9000,0.0000,165.9881,157.0000,278.0000,0.0000,0.0000,0,0.0000,0,52.3000,0.3083,4.6000,0,0.0000,26.9000,0.0000,28,29.3400,22.5180,43.6700,-41.0000,1.0000,173.0860
p046_dl_prague_sinmarcado_rep05,dl_prague_sinmarcado,5,rt,downlink,prague,ninguno,0,ninguno,ninguno,13.9000,13.9000,80,12.7515,12.2070,16.1054,10.3700,16.5750,1.8077,0,0,,,,,,,,,,,22.4110,58.6560,0.3084,0.8720,14.7155,0.4001,4.9770,55437,0,0,51464,0,0.0000,0.0000,0,14.0527,14.7500,17.7650,0.0000,14.4519,14.2000,21.9000,0.0000,14.7179,14.5000,21.4000,0.0000,0.0000,0,0.0000,0,52.3529,0.3407,5.8000,0,0.0000,27.2549,0.0000,28,23.0784,22.3333,43.8275,-41.0000,1.0000,12.7515
p047_ul_prague_rep10,ul_prague,10,rt,uplink,prague,ninguno,0,ninguno,ninguno,29.2000,29.2000,78,13.3969,13.1320,14.8582,11.6150,16.8590,0.9929,0,0,,,,,,,,,,,1.3837,3.1280,0.0594,0.3835,19.9706,0.6037,3.2500,70666,0,0,67714,0,0.0000,0.0000,0,12.8620,12.8500,17.4550,0.0000,13.5239,13.5000,16.8000,0.0000,13.6529,13.7000,16.9000,0.0000,0.0000,0,0.0000,0,60.2157,0.1175,4.5000,0,0.0000,26.6275,0.0000,28,72.9412,23.5725,44.3804,-41.0000,1.0000,13.3968
p048_dl_prague_marcado_rep09,dl_prague_marcado,9,rt,downlink,prague,ninguno,0,ninguno,ninguno,70.1000,70.0000,76,16.4765,16.0855,23.9260,10.3470,24.7960,3.9184,6736,0,,,,,,,,,,,182.3499,380.6000,4.0704,10.2567,89.9732,4.5629,13.8230,306291,0,0,261281,5287,2.0235,0.0000,10000,12.4030,12.6000,16.6000,0.0000,17.8913,18.5000,26.2000,0.0000,17.7606,18.1000,26.8000,0.0000,0.0000,0,0.0000,0,50.7000,0.3428,6.4000,0,0.0000,27.1000,0.0000,28,24.2600,22.8800,43.8940,-41.0000,1.0000,16.4765
p049_dl_prague_dualpi2upf_rep05,dl_prague_dualpi2upf,5,rt,downlink,prague,upf-tun0,0,dualpi2,ninguno,30.7000,30.7000,78,13.8271,13.8300,17.8135,9.9720,18.4390,2.5512,0,0,163720,0,0,0,0.0000,0.0000,0.0000,0,619,163101,51.6272,134.0320,0.3730,0.7700,33.5572,0.5445,5.3690,116765,0,0,110744,0,0.0000,0.0000,0,12.9640,12.7000,17.2200,0.0000,15.3829,15.6000,22.6000,0.0000,15.4174,15.7000,22.5000,0.0000,0.0000,0,0.0000,0,52.2800,0.1725,3.5000,0,0.0000,27.2000,0.0000,28,41.7200,22.5100,43.6480,-41.0000,1.0000,13.8273
p050_dl_cubic_sinmarcado_rep01,dl_cubic_sinmarcado,1,rt,downlink,cubic,ninguno,0,ninguno,ninguno,82.4000,82.4000,77,187.1905,175.4360,272.3920,105.7930,293.5870,39.1582,0,2469,,,,,,,,,,,1885.6126,3665.6400,157.0965,253.7149,103.9338,172.6761,315.4560,347246,0,0,424,0,0.0000,0.0000,0,12.7487,12.6000,17.3750,0.0000,179.4279,175.0000,271.9500,0.0000,179.1314,176.5000,272.8500,0.0000,0.0000,0,0.0000,0,52.3922,0.3333,4.8000,0,0.0000,27.0980,0.0000,28,28.9216,22.4431,43.6824,-41.0000,1.0000,187.1984
p051_dl_prague_dualpi2upf_rep10,dl_prague_dualpi2upf,10,rt,downlink,prague,upf-tun0,0,dualpi2,ninguno,19.7000,19.7000,79,13.6554,13.3530,17.3776,10.4130,18.0830,2.2767,0,0,106317,0,0,0,0.0000,0.0000,0.0000,0,612,105705,36.8554,70.6880,0.1955,0.6029,24.3276,0.4849,5.6800,76721,0,0,71796,0,0.0000,0.0000,0,13.2007,13.2000,17.4650,0.0000,15.4487,15.5000,22.6000,0.0000,15.2337,15.4000,22.2000,0.0000,0.0000,0,0.0000,0,52.1569,0.4193,5.6000,0,0.0000,27.1569,0.0000,28,26.6471,22.4667,43.8863,-41.0000,1.0000,13.6554
p052_dl_prague_dualpi2upf_rep09,dl_prague_dualpi2upf,9,rt,downlink,prague,upf-tun0,0,dualpi2,ninguno,14.5000,14.5000,80,13.0637,12.8355,16.0333,10.5620,18.3240,1.7849,0,0,79708,0,0,0,0.0000,0.0000,0.0000,0,619,79089,30.9370,57.3280,0.0566,0.4930,20.7694,0.4065,5.3470,58144,0,0,53998,0,0.0000,0.0000,0,13.7643,14.1000,17.5550,0.0000,14.3556,14.3000,20.8000,0.0000,13.5887,13.4000,19.6000,0.0000,0.0000,0,0.0000,0,52.2075,0.3558,5.4000,0,0.0000,26.6415,0.0000,28,23.3396,22.3151,43.8717,-41.0000,1.0000,13.0638
p053_dl_cubic_marcado_rep09,dl_cubic_marcado,9,rt,downlink,cubic,ninguno,0,ninguno,ninguno,82.3000,82.3000,77,168.8283,138.6320,274.5084,97.8910,315.6530,58.3989,0,1803,,,,,,,,,,,1738.6125,3678.4800,141.5530,260.9360,126.7725,155.9091,313.2650,347855,0,0,426,402,94.3662,0.0000,10000,12.7643,13.1000,17.5000,0.0000,162.2800,141.0000,278.8000,0.0000,162.5056,141.0000,279.0000,0.0000,0.0000,0,0.0000,0,52.1961,0.2728,5.2000,0,0.0000,26.7451,0.0000,28,30.3725,22.4549,43.8549,-41.0000,1.0000,168.8280
p054_dl_prague_marcado_rep08,dl_prague_marcado,8,rt,downlink,prague,ninguno,0,ninguno,ninguno,70.0000,70.0000,77,16.2794,16.0750,22.8466,11.1050,24.3780,3.4570,6867,0,,,,,,,,,,,148.7139,401.5680,3.7283,9.2006,78.1819,4.5722,14.7870,307599,0,0,262361,5317,2.0266,0.0000,10000,11.9640,12.2500,16.3600,0.0000,18.0244,18.7000,26.5000,0.0000,18.0060,18.6000,26.3000,0.0000,0.0000,0,0.0000,0,51.3600,0.3658,3.8000,0,0.0000,27.4200,0.0000,28,34.7400,22.9020,43.6960,-41.0000,1.0000,16.2801
p055_ul_prague_rep02,ul_prague,2,rt,uplink,prague,ninguno,0,ninguno,ninguno,13.6000,13.6000,80,13.3685,12.3035,18.1733,10.7570,19.2970,2.3484,0,0,,,,,,,,,,,1.0981,2.5560,0.0472,0.4010,15.7460,0.4886,4.8130,43775,0,0,41291,0,0.0000,0.0000,0,13.2090,13.6500,17.7200,0.0000,16.0633,16.6000,25.2000,0.0000,15.4363,15.2000,25.0000,0.0000,0.0000,0,0.0000,0,56.1346,0.3064,4.7000,0,0.0000,27.0577,0.0000,28,56.2692,24.0635,44.0000,-41.0000,1.0000,13.3687
p056_ul_cubic_rep04,ul_cubic,4,rt,uplink,cubic,ninguno,0,ninguno,ninguno,34.2000,34.2000,77,642.6005,611.9650,851.0202,333.7410,917.0320,108.9654,0,285,,,,,,,,,,,0.8394,5.1240,0.2753,1.0850,13.2647,0.5488,2.9560,49601,0,0,433,0,0.0000,0.0000,0,13.7703,13.9500,18.0200,0.0000,597.1107,597.5000,865.1000,0.0000,598.0133,596.0000,864.5500,0.0000,0.0000,0,0.0000,0,59.9804,0.2271,3.9000,0,0.0000,27.0784,0.0000,28,98.0784,23.5882,44.5314,-41.0000,1.0000,642.5940
p057_dl_cubic_sinmarcado_rep02,dl_cubic_sinmarcado,2,rt,downlink,cubic,ninguno,0,ninguno,ninguno,82.3000,82.3000,77,144.7656,134.5570,247.3472,94.8640,302.5060,41.8184,0,2005,,,,,,,,,,,1458.1867,3619.0160,118.8357,233.9295,107.9489,130.6312,312.0950,347636,0,0,424,0,0.0000,0.0000,0,12.9523,13.1500,17.3000,0.0000,139.4321,136.0000,249.7000,0.0000,139.8190,136.0000,252.9000,0.0000,0.0000,0,0.0000,0,51,0.4000,4.8000,0,0.0000,27.0200,0.0000,28,34.7400,22.3880,43.7940,-41.0000,1.0000,144.7610
p058_dl_cubic_marcado_rep02,dl_cubic_marcado,2,rt,downlink,cubic,ninguno,0,ninguno,ninguno,82.3000,82.3000,78,189.5654,195.3815,291.7702,100.2530,304.2750,54.2841,0,2702,,,,,,,,,,,1898.1394,3583.7280,158.2239,263.4889,105.0896,173.9134,312.6430,347550,0,0,424,400,94.3396,0.0000,10000,11.4580,11.0000,16.1300,0.0000,178.9743,194.0000,281.0000,0.0000,179.3405,195.0000,281.0000,0.0000,0.0000,0,0.0000,0,53.4200,0.1764,3.7000,0,0.0000,27.2400,0.0000,28,36.1800,22.4980,44.1680,-41.0000,0.9999,189.5754
p059_dl_cubic_sinmarcado_rep07,dl_cubic_sinmarcado,7,rt,downlink,cubic,ninguno,0,ninguno,ninguno,82.4000,82.4000,77,169.3332,159.3790,259.4854,104.0120,276.3960,46.2398,0,1689,,,,,,,,,,,1719.5038,3506.2160,143.3135,248.9806,105.2307,157.7952,296.5720,347431,0,0,427,0,0.0000,0.0000,0,12.8490,12.4500,17.4550,0.0000,164.2672,156.0000,266.8000,0.0000,164.3766,156.0000,266.0000,0.0000,0.0000,0,0.0000,0,52.4314,0.4500,6.7000,0,0.0000,26.9020,0.0000,28,33.6078,22.4078,43.9765,-41.0000,1.0000,169.3361
p060_dl_prague_sinmarcado_rep04,dl_prague_sinmarcado,4,rt,downlink,prague,ninguno,0,ninguno,ninguno,19.9000,19.9000,79,13.1414,12.8300,16.9445,9.9500,17.6350,2.1415,0,0,,,,,,,,,,,39.4564,72.3680,0.1237,0.5410,26.1492,0.4835,4.1780,77550,0,0,72606,0,0.0000,0.0000,0,12.7643,12.4500,17.3550,0.0000,15.2305,15.6000,21.7000,0.0000,15.5942,15.8000,22.4000,0.0000,0.0000,0,0.0000,0,52.2353,0.1308,4.2000,0,0.0000,26.8627,0.0000,28,29.1765,22.4196,44.1098,-41.0000,1.0000,13.1413
p061_ul_cubic_rep01,ul_cubic,1,rt,uplink,cubic,ninguno,0,ninguno,ninguno,34.2000,34.2000,77,595.1005,585.7970,757.6632,385.6620,862.8490,79.9779,0,346,,,,,,,,,,,0.9479,5.2240,0.0100,0.0000,16.4038,0.5317,2.6570,48789,0,0,431,0,0.0000,0.0000,0,13.5650,13.0000,17.8550,0.0000,554.7548,583.0000,756.0000,0.0000,555.9570,585.0000,761.0000,0.0000,0.0000,0,0.0000,0,60.2353,0.2093,6.4000,0,0.0000,26.9608,0.0000,28,100.0588,23.5510,44.3686,-41.0000,1.0000,595.0851
p062_dl_prague_marcado_rep05,dl_prague_marcado,5,rt,downlink,prague,ninguno,0,ninguno,ninguno,69.9000,69.9000,77,16.1196,16.0380,22.6724,10.0850,26.6730,3.8197,7105,0,,,,,,,,,,,202.5996,400.2400,3.3863,8.5717,112.4280,4.5394,18.0970,306638,0,0,261662,5512,2.1065,0.0000,10000,13.1440,13.1500,17.2850,0.0000,17.6583,18.4000,26.4000,0.0000,18.0506,18.6000,27.0000,0.0000,0.0000,0,0.0000,0,51.7843,0.4458,5.6000,0,0.0000,26.3725,0.0000,28,42.6863,23.0392,44.1059,-41.0000,1.0000,16.1198
p063_dl_prague_dualpi2upf_rep02,dl_prague_dualpi2upf,2,rt,downlink,prague,upf-tun0,0,dualpi2,ninguno,16.5000,16.5000,80,12.6083,12.4470,15.1116,10.3490,16.4880,1.3195,0,0,89748,0,0,0,0.0000,0.0000,0.0000,0,612,89136,37.3164,66.3520,0.0765,0.5900,24.9328,0.4414,5.7490,65449,0,0,60877,0,0.0000,0.0000,0,13.4497,13.9500,17.5100,0.0000,14.4558,14.4000,20.9000,0.0000,13.9226,13.7000,20.7000,0.0000,0.0000,0,0.0000,0,51.0192,0.3714,5.3000,0,0.0000,26.9808,0.0000,28,19.2308,22.3577,44.0923,-41.0000,1.0000,12.6081
p064_ul_prague_rep01,ul_prague,1,rt,uplink,prague,ninguno,0,ninguno,ninguno,24.8000,24.8000,79,13.3501,12.7850,16.6517,10.2520,20.3560,1.9467,0,0,,,,,,,,,,,1.5744,3.9160,0.0386,0.2429,22.8666,0.5985,5.7540,67108,0,0,64318,0,0.0000,0.0000,0,13.5927,13.3500,17.7750,0.0000,14.2196,14.0000,19.5000,0.0000,14.1516,13.9000,19.9000,0.0000,0.0000,0,0.0000,0,59.7885,0.2443,5.2000,0,0.0000,26.6731,0.0000,28,75.3077,23.5750,44.4481,-41.0000,1.0000,13.3498
p065_ul_cubic_rep08,ul_cubic,8,rt,uplink,cubic,ninguno,0,ninguno,ninguno,34.2000,34.2000,77,693.4094,682.9530,822.7054,505.4350,897.6160,87.1697,0,238,,,,,,,,,,,0.9821,5.4800,0.5386,1.3700,14.6500,0.5676,2.1380,51440,0,0,431,0,0.0000,0.0000,0,13.1887,13.4500,17.3300,0.0000,643.7949,689.5000,849.5500,0.0000,645.1646,690.0000,840.0000,0.0000,0.0000,0,0.0000,0,60.2200,0.0242,2.6000,0,0.0000,26.6200,0.0000,28,99.9400,23.4980,44.3980,-41.0000,1.0000,693.4208
p066_ul_prague_rep04,ul_prague,4,rt,uplink,prague,ninguno,0,ninguno,ninguno,14.9000,14.9000,80,13.6611,12.5440,19.1742,10.4710,20.0600,2.6342,0,0,,,,,,,,,,,1.1004,2.8280,0.0138,0.0000,16.0035,0.4958,3.8720,43144,0,0,40424,0,0.0000,0.0000,0,13.4873,13.4000,17.8650,0.0000,16.2472,16.6000,25.7000,0.0000,16.6433,16.9000,26.2000,0.0000,0.0000,0,0.0000,0,58.5490,0.0521,4.2000,0,0.0000,27,0.0000,28,75.5882,24.0373,44.0059,-41.0000,1.0000,13.6613
p067_dl_prague_sinmarcado_rep06,dl_prague_sinmarcado,6,rt,downlink,prague,ninguno,0,ninguno,ninguno,15.4000,15.4000,80,12.7619,12.3620,16.2644,10.1910,17.6440,1.7906,0,0,,,,,,,,,,,29.8608,55.8240,0.0715,0.4556,19.9036,0.4116,5.1630,61255,0,0,57011,0,0.0000,0.0000,0,12.9397,12.8000,17.5100,0.0000,14.5677,14.1000,21.8000,0.0000,14.8552,14.7000,21.1000,0.0000,0.0000,0,0.0000,0,52.4902,0.3175,4.9000,0,0.0000,27,0.0000,28,24.4314,22.4529,43.8431,-41.0000,1.0000,12.7618
p068_dl_cubic_marcado_rep03,dl_cubic_marcado,3,rt,downlink,cubic,ninguno,0,ninguno,ninguno,82.3000,82.3000,77,186.0453,179.0360,292.0214,111.2090,315.9420,53.1636,0,2510,,,,,,,,,,,1860.8494,3657.4240,155.5702,267.4612,101.1732,171.2119,314.2970,348034,0,0,427,403,94.3794,0.0000,10000,13.1193,13.2000,17.1200,0.0000,176.4943,173.0000,287.8000,0.0000,176.6373,174.0000,285.8000,0.0000,0.0000,0,0.0000,0,53.9216,0.2928,3.6000,0,0.0000,26.9020,0.0000,28,40.5882,22.5216,43.9235,-41.0000,1.0001,186.0315
p069_dl_cubic_sinmarcado_rep09,dl_cubic_sinmarcado,9,rt,downlink,cubic,ninguno,0,ninguno,ninguno,82.3000,82.3000,77,199.9378,193.1670,275.2236,115.3010,296.6090,39.6512,0,3239,,,,,,,,,,,2007.7545,3691.2080,168.3618,267.6606,105.6818,185.1576,314.4090,348052,0,0,424,0,0.0000,0.0000,0,13.5707,13.8500,17.2650,0.0000,191.0408,195.0000,284.9500,0.0000,190.6948,194.0000,284.0000,0.0000,0.0000,0,0.0000,0,51.4118,0.4150,4.7000,0,0.0000,26.8627,0.0000,28,31.2353,22.4902,43.9431,-41.0000,1.0000,199.9455
p070_dl_prague_sinmarcado_rep08,dl_prague_sinmarcado,8,rt,downlink,prague,ninguno,0,ninguno,ninguno,17.3000,17.3000,79,13.1500,12.5700,17.2448,10.5750,19.8970,2.1503,0,0,,,,,,,,,,,32.3288,66.2640,0.1156,0.6080,21.4708,0.4469,8.1630,68295,0,0,63590,0,0.0000,0.0000,0,12.8027,12.5000,17.4550,0.0000,13.9589,13.8000,20.7000,0.0000,14.9413,14.7000,22.0000,0.0000,0.0000,0,0.0000,0,51.5577,0.4121,6.4000,0,0.0000,26.8077,0.0000,28,19.5000,22.4385,44.0404,-41.0000,1.0000,13.1500
