caso,modo,dir,cca,punto,rate_mbit,qdisc,n,goodput_mbps_media,goodput_mbps_desv,goodput_mbps_ic95,goodput_mbps_mediana,throughput_cliente_mbps_media,throughput_cliente_mbps_desv,throughput_cliente_mbps_ic95,throughput_cliente_mbps_mediana,rtt_muestras_media,rtt_muestras_desv,rtt_muestras_ic95,rtt_muestras_mediana,rtt_media_ms_media,rtt_media_ms_desv,rtt_media_ms_ic95,rtt_media_ms_mediana,rtt_mediana_ms_media,rtt_mediana_ms_desv,rtt_mediana_ms_ic95,rtt_mediana_ms_mediana,rtt_p95_ms_media,rtt_p95_ms_desv,rtt_p95_ms_ic95,rtt_p95_ms_mediana,rtt_min_ms_media,rtt_min_ms_desv,rtt_min_ms_ic95,rtt_min_ms_mediana,rtt_max_ms_media,rtt_max_ms_desv,rtt_max_ms_ic95,rtt_max_ms_mediana,rtt_desv_ms_media,rtt_desv_ms_desv,rtt_desv_ms_ic95,rtt_desv_ms_mediana,ce_entregadas_media,ce_entregadas_desv,ce_entregadas_ic95,ce_entregadas_mediana,retransmisiones_media,retransmisiones_desv,retransmisiones_ic95,retransmisiones_mediana,aqm_enviados_pkt_media,aqm_enviados_pkt_desv,aqm_enviados_pkt_ic95,aqm_enviados_pkt_mediana,aqm_descartes_media,aqm_descartes_desv,aqm_descartes_ic95,aqm_descartes_mediana,pacing_tarde_pct_media,pacing_tarde_pct_desv,pacing_tarde_pct_ic95,pacing_tarde_pct_mediana,pacing_max_ms_media,pacing_max_ms_desv,pacing_max_ms_ic95,pacing_max_ms_mediana,pacing_reanclajes_media,pacing_reanclajes_desv,pacing_reanclajes_ic95,pacing_reanclajes_mediana,bler_dl_media,bler_dl_desv,bler_dl_ic95,bler_dl_mediana,mcs_dl_media,mcs_dl_desv,mcs_dl_ic95,mcs_dl_mediana,bler_ul_media,bler_ul_desv,bler_ul_ic95,bler_ul_mediana,mcs_ul_media,mcs_ul_desv,mcs_ul_ic95,mcs_ul_mediana,sinr_db_media,sinr_db_desv,sinr_db_ic95,sinr_db_mediana,rsrp_dbm_media,rsrp_dbm_desv,rsrp_dbm_ic95,rsrp_dbm_mediana,factor_escala_media,factor_escala_desv,factor_escala_ic95,factor_escala_mediana,rtt_media_corregida_ms_media,rtt_media_corregida_ms_desv,rtt_media_corregida_ms_ic95,rtt_media_corregida_ms_mediana
dl_cubic_10_upf_pfifo,rt,downlink,cubic,upf-tun0,10,pfifo,10,9.6230,0.0048,0.0035,9.6200,9.6210,0.0057,0.0041,9.6200,107.9000,0.7379,0.5278,108.0000,827.1768,17.9293,12.8250,830.4408,859.5272,11.3021,8.0845,860.6672,1182.3698,1.4919,1.0672,1182.1495,254.9571,55.5679,39.7481,263.5020,1188.4030,2.0123,1.4394,1187.7400,211.8779,8.8171,6.3069,209.8522,0,0.0000,0.0000,0.0000,727.3000,44.9124,32.1262,713.0000,50902.6000,271.8624,194.4651,50885.5000,398.3000,27.3579,19.5693,393.0000,0.0474,0.0321,0.0230,0.0453,4.4500,2.5817,1.8467,4.6000,0,0.0000,0.0000,0.0000,0.0000,0.0000,0.0000,0.0000,27.0767,0.2132,0.1525,27.1176,0.0000,0.0000,0.0000,0.0000,28,0.0000,0.0000,28.0000,44.0713,0.2758,0.1973,44.1560,-41.0000,0.0000,0.0000,-41.0000,1.0000,0.0000,0.0000,1.0000,827.1760,17.9284,12.8243,830.4396
dl_cubic_1_upf_pfifo,rt,downlink,cubic,upf-tun0,1,pfifo,10,0.9660,0.0000,0.0000,0.9660,0.9650,0.0000,0.0000,0.9650,109.8000,0.4216,0.3016,110.0000,7928.9596,26.3420,18.8426,7938.8576,9119.8990,48.2996,34.5491,9118.0850,11712.1410,5.3532,3.8292,11711.2850,824.1462,19.3582,13.8471,824.3815,11733.7500,6.2694,4.4845,11734.7000,3489.0593,19.5677,13.9969,3481.2357,0,0.0000,0.0000,0.0000,713.7000,4.1913,2.9980,714.5000,5146.5000,1.5092,1.0796,5147.0000,408,5.0111,3.5845,409.0000,0.0299,0.0244,0.0174,0.0259,4.1800,2.7768,1.9863,3.6500,0,0.0000,0.0000,0.0000,0.0000,0.0000,0.0000,0.0000,26.9919,0.1605,0.1148,26.9397,0.0000,0.0000,0.0000,0.0000,28,0.0000,0.0000,28.0000,43.4468,0.0538,0.0385,43.4431,-41.0000,0.0000,0.0000,-41.0000,1.0000,0.0000,0.0000,1.0000,7928.9549,26.3282,18.8327,7938.8545
dl_cubic_20_upf_pfifo,rt,downlink,cubic,upf-tun0,20,pfifo,10,19.1100,0.0316,0.0226,19.1000,19.1000,0.0000,0.0000,19.1000,107.7000,0.6749,0.4828,108.0000,456.1911,29.1685,20.8645,457.5814,450.9988,48.7095,34.8423,463.0535,591.9242,2.9599,2.1172,591.7578,268.9716,11.4742,8.2076,274.5655,599.3614,1.8651,1.3341,599.4315,82.4187,8.9089,6.3726,86.4470,0,0.0000,0.0000,0.0000,183.6000,32.2497,23.0685,196.0000,101155.5000,263.1832,188.2568,101084.0000,97.4000,13.6967,9.7974,102.5000,0.1539,0.0582,0.0416,0.1466,4.8800,1.7216,1.2315,4.3000,0,0.0000,0.0000,0.0000,0.0000,0.0000,0.0000,0.0000,26.9818,0.2454,0.1756,26.9804,0.0000,0.0000,0.0000,0.0000,28,0.0000,0.0000,28.0000,44.3685,0.1644,0.1176,44.3919,-41.0000,0.0000,0.0000,-41.0000,1.0000,0.0000,0.0000,1.0000,456.1909,29.1684,20.8643,457.5826
dl_cubic_2_upf_pfifo,rt,downlink,cubic,upf-tun0,2,pfifo,10,1.9300,0.0000,0.0000,1.9300,1.9300,0.0000,0.0000,1.9300,109.8000,0.7888,0.5642,110.0000,4112.3591,39.7805,28.4553,4095.9992,4528.7265,45.0988,32.2595,4538.8025,5861.9891,20.0098,14.3132,5852.0922,398.4177,101.5399,72.6322,352.8580,5880.7840,17.6321,12.6123,5871.1900,1517.5659,85.9874,61.5074,1558.5028,0,0.0000,0.0000,0.0000,756.4000,7.6333,5.4601,757.0000,10340.9000,81.5182,58.3105,10292.0000,553.8000,62.4247,44.6528,586.0000,0.0317,0.0173,0.0124,0.0322,5.5000,2.9863,2.1361,4.8000,0,0.0000,0.0000,0.0000,0.0000,0.0000,0.0000,0.0000,27.1365,0.1467,0.1049,27.1048,0.0000,0.0000,0.0000,0.0000,28,0.0000,0.0000,28.0000,43.5308,0.1154,0.0825,43.5107,-41.0000,0.0000,0.0000,-41.0000,1.0000,0.0000,0.0000,1.0000,4112.3571,39.7807,28.4554,4095.9880
dl_cubic_5_upf_pfifo,rt,downlink,cubic,upf-tun0,5,pfifo,10,4.8290,0.0032,0.0023,4.8300,4.8200,0.0000,0.0000,4.8200,110.5000,0.8498,0.6079,110.5000,1650.9098,8.5172,6.0924,1650.3157,1725.1005,12.1587,8.6972,1728.8850,2359.1211,4.1706,2.9832,2358.3408,198.1611,74.7518,53.4705,183.2005,2377.2100,5.6924,4.0718,2376.7800,553.1871,8.4035,6.0111,552.6777,0,0.0000,0.0000,0.0000,1091.8000,32.5194,23.2614,1092.5000,25753.7000,135.1271,96.6574,25712.0000,628.5000,29.5982,21.1718,636.5000,0.0415,0.0277,0.0198,0.0396,4.8700,3.4651,2.4786,3.2500,0,0.0000,0.0000,0.0000,0.0000,0.0000,0.0000,0.0000,27.0549,0.2238,0.1601,27.0545,0.0000,0.0000,0.0000,0.0000,28,0.0000,0.0000,28.0000,43.7149,0.1768,0.1265,43.7391,-41.0000,0.0000,0.0000,-41.0000,1.0000,0.0000,0.0000,1.0000,1650.9116,8.5151,6.0909,1650.3160
ul_cubic_10_ue_pfifo,rt,uplink,cubic,ue-oaitun,10,pfifo,10,9.6500,0.0000,0.0000,9.6500,9.6500,0.0000,0.0000,9.6500,106.2000,0.4216,0.3016,106.0000,21.9931,1.0433,0.7463,21.5943,21.7596,0.9829,0.7030,21.4158,24.6157,0.9571,0.6846,24.2100,19.2255,1.2454,0.8909,18.9090,25.6092,0.9316,0.6664,25.5250,1.5161,0.0965,0.0690,1.4934,0,0.0000,0.0000,0.0000,0,0.0000,0.0000,0.0000,50324,51.2857,36.6850,50333.0000,0,0.0000,0.0000,0.0000,0.1858,0.0532,0.0380,0.1986,6.6000,0.5375,0.3845,6.5000,0,0.0000,0.0000,0.0000,0.0000,0.0000,0.0000,0.0000,26.9083,0.1471,0.1052,26.8725,0.0000,0.0000,0.0000,0.0000,28,0.0000,0.0000,28.0000,43.7592,0.2205,0.1577,43.7367,-41.0000,0.0000,0.0000,-41.0000,1.0000,0.0000,0.0000,1.0000,21.9931,1.0433,0.7463,21.5944
ul_cubic_10_upf_pfifo,rt,uplink,cubic,upf-eth0,10,pfifo,10,9.0430,0.0495,0.0354,9.0450,9.0360,0.0495,0.0354,9.0400,108.5000,1.5811,1.1310,108.5000,1537.3749,40.4496,28.9339,1539.6010,1571.6580,66.7005,47.7114,1564.5125,2605.3048,51.1440,36.5837,2598.9913,206.4447,39.1961,28.0372,206.9465,2927.9180,128.8536,92.1699,2906.2650,666.3606,20.8824,14.9374,668.4383,0,0.0000,0.0000,0.0000,2573,464.2215,332.0609,2563.5000,74607.4000,766.7405,548.4550,74514.5000,1880.4000,354.0380,253.2460,1879.5000,0.2502,0.0952,0.0681,0.2436,16.6900,4.7271,3.3813,16.3000,0,0.0000,0.0000,0.0000,0.0000,0.0000,0.0000,0.0000,26.8753,0.2556,0.1828,26.8391,0.0000,0.0000,0.0000,0.0000,28,0.0000,0.0000,28.0000,43.4770,0.0908,0.0649,43.5010,-41.0000,0.0000,0.0000,-41.0000,1.0000,0.0000,0.0000,1.0000,1537.3763,40.4512,28.9350,1539.6019
ul_cubic_1_ue_pfifo,rt,uplink,cubic,ue-oaitun,1,pfifo,10,0.9655,0.0005,0.0004,0.9655,0.9650,0.0000,0.0000,0.9650,107.9000,0.3162,0.2262,108.0000,83.4819,0.8026,0.5741,83.0705,83.2871,0.9900,0.7081,83.1522,90.6624,0.8112,0.5803,90.5160,73.7563,1.0671,0.7633,73.7250,91.7282,0.8428,0.6028,91.4685,5.4802,0.1122,0.0803,5.4538,0,0.0000,0.0000,0.0000,0,0.0000,0.0000,0.0000,5118.7000,14.0242,10.0316,5119.0000,0,0.0000,0.0000,0.0000,0.0480,0.0755,0.0540,0.0239,3.5000,1.8744,1.3408,2.9000,0,0.0000,0.0000,0.0000,0.0000,0.0000,0.0000,0.0000,26.9991,0.2443,0.1747,27.0098,0.0000,0.0000,0.0000,0.0000,28,0.0000,0.0000,28.0000,43.7192,0.1703,0.1218,43.6902,-41.0000,0.0000,0.0000,-41.0000,1.0000,0.0000,0.0000,1.0000,83.4819,0.8025,0.5740,83.0706
ul_cubic_1_upf_pfifo,rt,uplink,cubic,upf-eth0,1,pfifo,10,0.9107,0.0077,0.0055,0.9125,0.9045,0.0081,0.0058,0.9055,110.6000,0.8433,0.6032,111.0000,9713.5599,785.6095,561.9521,9906.8877,9998.6105,933.9266,668.0444,10138.7050,17421.5045,1878.4517,1343.6700,17145.1000,869.2458,36.6114,26.1884,868.1695,18855.3500,2250.1188,1609.5262,19159.9500,5239.1542,659.0170,471.3996,5337.8232,0,0.0000,0.0000,0.0000,63.8000,107.1694,76.6591,9.0000,7593.9000,349.3185,249.8701,7615.5000,181.1000,228.4909,163.4412,37.0000,0.6388,0.4245,0.3036,0.6511,36.7800,33.1310,23.6989,18.8500,0,0.0000,0.0000,0.0000,0.0000,0.0000,0.0000,0.0000,22.7152,3.1334,2.2413,24.4118,0.0000,0.0000,0.0000,0.0000,28,0.0000,0.0000,28.0000,43.5412,0.1249,0.0894,43.5307,-41.0000,0.0000,0.0000,-41.0000,1.0000,0.0000,0.0000,1.0000,9713.5611,785.6157,561.9566,9906.8877
ul_cubic_20_ue_pfifo,rt,uplink,cubic,ue-oaitun,20,pfifo,10,19.3000,0.0000,0.0000,19.3000,19.3000,0.0000,0.0000,19.3000,106.2000,0.4216,0.3016,106.0000,20.7491,0.8671,0.6203,20.5167,20.1625,0.8628,0.6172,19.9562,25.9246,1.0890,0.7790,25.5472,16.8158,0.6862,0.4909,16.6950,27.3685,1.0817,0.7738,27.1405,2.6090,0.2371,0.1696,2.5328,0,0.0000,0.0000,0.0000,0,0.0000,0.0000,0.0000,100434.6000,88.2247,63.1078,100479.0000,0,0.0000,0.0000,0.0000,0.6544,0.1400,0.1002,0.6506,58.9800,26.0922,18.6640,59.4500,0,0.0000,0.0000,0.0000,0.0000,0.0000,0.0000,0.0000,26.8971,0.2138,0.1529,26.8431,0.0000,0.0000,0.0000,0.0000,28,0.0000,0.0000,28.0000,44.1076,0.2111,0.1510,44.1647,-41.0000,0.0000,0.0000,-41.0000,1.0000,0.0000,0.0000,1.0000,20.7491,0.8671,0.6202,20.5168
ul_cubic_20_upf_pfifo,rt,uplink,cubic,upf-eth0,20,pfifo,10,18.3200,0.0422,0.0302,18.3000,18.3100,0.0316,0.0226,18.3000,106.7000,0.4830,0.3455,107.0000,768.4508,18.4962,13.2305,768.5869,757.9986,31.1846,22.3066,757.5560,1157.3555,25.2272,18.0452,1163.6790,148.5431,93.3393,66.7663,110.1855,1417.0230,110.0569,78.7245,1406.8950,237.3154,19.9159,14.2460,237.8687,0,0.0000,0.0000,0.0000,1926.8000,352.8244,252.3778,2010.5000,145336.9000,834.5927,596.9902,145350.0000,1399.8000,425.1765,304.1318,1218.0000,0.6485,0.0542,0.0388,0.6483,61.6800,17.2934,12.3701,64.4000,0,0.0000,0.0000,0.0000,0.0000,0.0000,0.0000,0.0000,26.9882,0.2098,0.1501,27.0104,0.0000,0.0000,0.0000,0.0000,28,0.0000,0.0000,28.0000,43.5713,0.2003,0.1433,43.5673,-41.0000,0.0000,0.0000,-41.0000,1.0000,0.0000,0.0000,1.0000,768.4495,18.4958,13.2302,768.5872
ul_cubic_2_ue_pfifo,rt,uplink,cubic,ue-oaitun,2,pfifo,10,1.9300,0.0000,0.0000,1.9300,1.9300,0.0000,0.0000,1.9300,107.3000,0.4830,0.3455,107.0000,48.5196,0.2161,0.1546,48.4941,48.8931,0.2330,0.1667,48.9537,51.7075,0.1877,0.1343,51.6818,43.8438,0.4453,0.3185,43.9635,52.8371,0.5151,0.3684,52.7500,2.3087,0.0614,0.0439,2.3157,0,0.0000,0.0000,0.0000,0,0.0000,0.0000,0.0000,10130.7000,8.9449,6.3983,10127.0000,0,0.0000,0.0000,0.0000,0.0328,0.0158,0.0113,0.0318,3.8700,1.8433,1.3186,3.4500,0,0.0000,0.0000,0.0000,0.0000,0.0000,0.0000,0.0000,26.9343,0.2013,0.1440,26.9020,0.0000,0.0000,0.0000,0.0000,28,0.0000,0.0000,28.0000,43.6169,0.2053,0.1468,43.5775,-41.0000,0.0000,0.0000,-41.0000,1.0000,0.0000,0.0000,1.0000,48.5196,0.2161,0.1546,48.4941
ul_cubic_2_upf_pfifo,rt,uplink,cubic,upf-eth0,2,pfifo,10,1.8220,0.0092,0.0066,1.8250,1.8140,0.0084,0.0060,1.8100,110.3000,0.8233,0.5889,110.5000,6453.3664,464.5022,332.2618,6572.7611,6319.9365,384.6986,275.1776,6372.2150,12696.5894,1508.0591,1078.7255,12699.4100,532.2171,17.3616,12.4189,534.4855,13602.0000,1634.1575,1168.9246,13404.4500,3614.5714,504.8180,361.0999,3629.6455,0,0.0000,0.0000,0.0000,421.7000,253.2509,181.1522,352.5000,15105.8000,231.0449,165.2681,15064.0000,331.2000,189.8045,135.7685,281.0000,0.5183,0.2534,0.1813,0.5404,53.3900,43.8941,31.3977,50.1500,0.3000,0.4830,0.3455,0.0000,0.0000,0.0000,0.0000,0.0000,23.2310,1.6981,1.2147,23.5744,0.0000,0.0000,0.0000,0.0000,28,0.0000,0.0000,28.0000,43.5780,0.1473,0.1054,43.5955,-41.0000,0.0000,0.0000,-41.0000,1.0000,0.0000,0.0000,1.0000,6453.3737,464.4955,332.2570,6572.7843
ul_cubic_5_ue_pfifo,rt,uplink,cubic,ue-oaitun,5,pfifo,10,4.8300,0.0000,0.0000,4.8300,4.8240,0.0052,0.0037,4.8200,106.4000,0.5164,0.3694,106.0000,28.1796,0.1667,0.1192,28.1813,28.2456,0.2402,0.1718,28.3172,30.3538,0.3000,0.2146,30.3581,25.1158,0.4938,0.3532,25.1960,31.6174,0.4705,0.3366,31.5060,1.4313,0.1847,0.1321,1.3683,0,0.0000,0.0000,0.0000,0,0.0000,0.0000,0.0000,25222.5000,47.1434,33.7220,25259.0000,0,0.0000,0.0000,0.0000,0.0483,0.0210,0.0151,0.0552,4.4100,2.4937,1.7838,3.2500,0,0.0000,0.0000,0.0000,0.0000,0.0000,0.0000,0.0000,27.0392,0.2059,0.1473,27.0900,0.0000,0.0000,0.0000,0.0000,28,0.0000,0.0000,28.0000,43.7560,0.1533,0.1097,43.7595,-41.0000,0.0000,0.0000,-41.0000,1.0000,0.0000,0.0000,1.0000,28.1796,0.1667,0.1192,28.1813
ul_cubic_5_upf_pfifo,rt,uplink,cubic,upf-eth0,5,pfifo,10,4.5720,0.0210,0.0150,4.5800,4.5670,0.0231,0.0165,4.5750,109,0.8165,0.5840,109.0000,2877.6449,215.2162,153.9457,2961.9851,2927.2045,346.9615,248.1841,3048.5250,5363.5352,207.2748,148.2651,5382.7775,335.3795,14.3177,10.2415,338.6090,5867.7460,232.7971,166.5215,5828.6700,1370.8524,50.8230,36.3541,1395.5709,0,0.0000,0.0000,0.0000,304.9000,127.8258,91.4347,264.0000,37249.2000,557.3459,398.6735,37063.5000,283.7000,77.9431,55.7532,269.5000,0.1172,0.0211,0.0151,0.1180,10.1900,3.5019,2.5049,9.6500,0,0.0000,0.0000,0.0000,0.0000,0.0000,0.0000,0.0000,26.8250,0.1473,0.1054,26.8462,0.0000,0.0000,0.0000,0.0000,28,0.0000,0.0000,28.0000,43.5259,0.1067,0.0763,43.5404,-41.0000,0.0000,0.0000,-41.0000,1.0000,0.0000,0.0000,1.0000,2877.6455,215.2172,153.9464,2961.9868
