caso,modo,dir,cca,punto,rate,qdisc,ruido
dl_prague_5_upf_r50,rt,downlink,prague,upf-tun0,5,dualpi2,-50
dl_prague_sinlim_r50,rt,downlink,prague,ninguno,0,ninguno,-50
dl_cubic_5_upf_r50,rt,downlink,cubic,upf-tun0,5,dualpi2,-50
dl_cubic_sinlim_r50,rt,downlink,cubic,ninguno,0,ninguno,-50
dl_prague_5_upf_r20,rt,downlink,prague,upf-tun0,5,dualpi2,-20
dl_prague_sinlim_r20,rt,downlink,prague,ninguno,0,ninguno,-20
dl_cubic_5_upf_r20,rt,downlink,cubic,upf-tun0,5,dualpi2,-20
dl_cubic_sinlim_r20,rt,downlink,cubic,ninguno,0,ninguno,-20
dl_prague_5_upf_r15,rt,downlink,prague,upf-tun0,5,dualpi2,-15
dl_prague_sinlim_r15,rt,downlink,prague,ninguno,0,ninguno,-15
dl_cubic_5_upf_r15,rt,downlink,cubic,upf-tun0,5,dualpi2,-15
dl_cubic_sinlim_r15,rt,downlink,cubic,ninguno,0,ninguno,-15
dl_prague_5_upf_r10,rt,downlink,prague,upf-tun0,5,dualpi2,-10
dl_prague_sinlim_r10,rt,downlink,prague,ninguno,0,ninguno,-10
dl_cubic_5_upf_r10,rt,downlink,cubic,upf-tun0,5,dualpi2,-10
dl_cubic_sinlim_r10,rt,downlink,cubic,ninguno,0,ninguno,-10
dl_prague_5_upf_r8,rt,downlink,prague,upf-tun0,5,dualpi2,-8
dl_prague_sinlim_r8,rt,downlink,prague,ninguno,0,ninguno,-8
dl_cubic_5_upf_r8,rt,downlink,cubic,upf-tun0,5,dualpi2,-8
dl_cubic_sinlim_r8,rt,downlink,cubic,ninguno,0,ninguno,-8
dl_prague_5_upf_r6,rt,downlink,prague,upf-tun0,5,dualpi2,-6
dl_prague_sinlim_r6,rt,downlink,prague,ninguno,0,ninguno,-6
dl_cubic_5_upf_r6,rt,downlink,cubic,upf-tun0,5,dualpi2,-6
dl_cubic_sinlim_r6,rt,downlink,cubic,ninguno,0,ninguno,-6
dl_prague_5_upf_r4,rt,downlink,prague,upf-tun0,5,dualpi2,-4
dl_prague_sinlim_r4,rt,downlink,prague,ninguno,0,ninguno,-4
dl_cubic_5_upf_r4,rt,downlink,cubic,upf-tun0,5,dualpi2,-4
dl_cubic_sinlim_r4,rt,downlink,cubic,ninguno,0,ninguno,-4
dl_prague_5_upf_r2,rt,downlink,prague,upf-tun0,5,dualpi2,-2
dl_prague_sinlim_r2,rt,downlink,prague,ninguno,0,ninguno,-2
dl_cubic_5_upf_r2,rt,downlink,cubic,upf-tun0,5,dualpi2,-2
dl_cubic_sinlim_r2,rt,downlink,cubic,ninguno,0,ninguno,-2
