caso,fase,ping,tramo,n,media_ms,mediana_ms,p95_ms
capas_cubic,carga,ECT(1),red_baj,1267,0.0156,0.0150,0.0181
capas_cubic,carga,ECT(1),upf_baj,1267,0.4745,0.2689,1.5938
capas_cubic,carga,ECT(1),radio_baj,1267,172.8720,182.6169,274.4629
capas_cubic,carga,ECT(1),giro,1267,0.0287,0.0300,0.0408
capas_cubic,carga,ECT(1),radio_sub,1267,11.9345,12.1109,19.9199
capas_cubic,carga,ECT(1),upf_sub,1267,0.5574,0.5000,1.0612
capas_cubic,carga,ECT(1),red_sub,1267,0.0053,0.0041,0.0148
capas_cubic,carga,ECT(1),total,1267,185.8878,194.9689,286.0289
capas_cubic,carga,clasico,red_baj,1265,0.0156,0.0150,0.0181
capas_cubic,carga,clasico,upf_baj,1265,0.4812,0.2720,1.6379
capas_cubic,carga,clasico,radio_baj,1265,172.8485,181.8869,272.0828
capas_cubic,carga,clasico,giro,1265,0.0286,0.0300,0.0429
capas_cubic,carga,clasico,radio_sub,1265,11.9926,12.3351,19.3629
capas_cubic,carga,clasico,upf_sub,1265,0.5491,0.4940,1.0500
capas_cubic,carga,clasico,red_sub,1265,0.0055,0.0041,0.0150
capas_cubic,carga,clasico,total,1265,185.9212,194.7680,286.6719
capas_cubic,reposo,clasico,red_baj,90,0.0226,0.0219,0.0248
capas_cubic,reposo,clasico,upf_baj,90,0.3963,0.4075,0.5100
capas_cubic,reposo,clasico,radio_baj,90,2.4308,2.3175,3.3002
capas_cubic,reposo,clasico,giro,90,0.0509,0.0522,0.0648
capas_cubic,reposo,clasico,radio_sub,90,9.7550,9.8995,14.2150
capas_cubic,reposo,clasico,upf_sub,90,0.4739,0.4666,0.5929
capas_cubic,reposo,clasico,red_sub,90,0.0157,0.0155,0.0179
capas_cubic,reposo,clasico,total,90,13.1451,13.2586,17.4949
capas_prague_marcado,carga,ECT(1),red_baj,1263,0.0149,0.0150,0.0179
capas_prague_marcado,carga,ECT(1),upf_baj,1263,0.1456,0.1009,0.3641
capas_prague_marcado,carga,ECT(1),radio_baj,1263,5.9731,5.7220,11.2669
capas_prague_marcado,carga,ECT(1),giro,1263,0.0243,0.0269,0.0379
capas_prague_marcado,carga,ECT(1),radio_sub,1263,11.3507,10.5219,20.0870
capas_prague_marcado,carga,ECT(1),upf_sub,1263,0.4550,0.3550,1.1690
capas_prague_marcado,carga,ECT(1),red_sub,1263,0.0046,0.0041,0.0141
capas_prague_marcado,carga,ECT(1),total,1263,17.9682,18.4410,26.5770
capas_prague_marcado,carga,clasico,red_baj,1263,0.0153,0.0150,0.0198
capas_prague_marcado,carga,clasico,upf_baj,1263,0.1506,0.1009,0.3710
capas_prague_marcado,carga,clasico,radio_baj,1263,6.0254,5.8870,11.2560
capas_prague_marcado,carga,clasico,giro,1263,0.0272,0.0279,0.0410
capas_prague_marcado,carga,clasico,radio_sub,1263,11.2397,10.5090,19.5992
capas_prague_marcado,carga,clasico,upf_sub,1263,0.4645,0.3619,1.1981
capas_prague_marcado,carga,clasico,red_sub,1263,0.0049,0.0041,0.0150
capas_prague_marcado,carga,clasico,total,1263,17.9276,18.4529,26.4740
capas_prague_marcado,reposo,clasico,red_baj,90,0.0208,0.0210,0.0241
capas_prague_marcado,reposo,clasico,upf_baj,90,0.4004,0.3924,0.5200
capas_prague_marcado,reposo,clasico,radio_baj,90,2.4038,2.3530,3.1681
capas_prague_marcado,reposo,clasico,giro,90,0.0531,0.0556,0.0641
capas_prague_marcado,reposo,clasico,radio_sub,90,9.7444,10.0484,14.3809
capas_prague_marcado,reposo,clasico,upf_sub,90,0.4750,0.4749,0.5822
capas_prague_marcado,reposo,clasico,red_sub,90,0.0154,0.0150,0.0179
capas_prague_marcado,reposo,clasico,total,90,13.1129,13.3381,17.5691
capas_prague_sinmarcado,carga,ECT(1),red_baj,1263,0.0141,0.0150,0.0172
capas_prague_sinmarcado,carga,ECT(1),upf_baj,1263,0.1023,0.0918,0.1690
capas_prague_sinmarcado,carga,ECT(1),radio_baj,1263,2.6316,2.4230,3.5710
capas_prague_sinmarcado,carga,ECT(1),giro,1263,0.0285,0.0291,0.0451
capas_prague_sinmarcado,carga,ECT(1),radio_sub,1263,12.4855,12.8241,19.8259
capas_prague_sinmarcado,carga,ECT(1),upf_sub,1263,0.3970,0.3951,0.6361
capas_prague_sinmarcado,carga,ECT(1),red_sub,1263,0.0049,0.0041,0.0141
capas_prague_sinmarcado,carga,ECT(1),total,1263,15.6638,15.6841,22.5768
capas_prague_sinmarcado,carga,clasico,red_baj,1263,0.0148,0.0150,0.0179
capas_prague_sinmarcado,carga,clasico,upf_baj,1263,0.1060,0.0920,0.2069
capas_prague_sinmarcado,carga,clasico,radio_baj,1263,2.6481,2.4250,3.6001
capas_prague_sinmarcado,carga,clasico,giro,1263,0.0315,0.0339,0.0451
capas_prague_sinmarcado,carga,clasico,radio_sub,1263,12.3131,12.7640,18.8041
capas_prague_sinmarcado,carga,clasico,upf_sub,1263,0.3986,0.4060,0.6468
capas_prague_sinmarcado,carga,clasico,red_sub,1263,0.0059,0.0041,0.0141
capas_prague_sinmarcado,carga,clasico,total,1263,15.5179,15.6178,22.3751
capas_prague_sinmarcado,reposo,clasico,red_baj,90,0.0207,0.0205,0.0241
capas_prague_sinmarcado,reposo,clasico,upf_baj,90,0.3287,0.3361,0.4771
capas_prague_sinmarcado,reposo,clasico,radio_baj,90,2.3241,2.2569,3.2840
capas_prague_sinmarcado,reposo,clasico,giro,90,0.0484,0.0471,0.0608
capas_prague_sinmarcado,reposo,clasico,radio_sub,90,9.7265,9.7795,14.0831
capas_prague_sinmarcado,reposo,clasico,upf_sub,90,0.4365,0.4451,0.6111
capas_prague_sinmarcado,reposo,clasico,red_sub,90,0.0158,0.0150,0.0188
capas_prague_sinmarcado,reposo,clasico,total,90,12.9005,12.6524,17.1170
