prueba,caso,rep,modo,dir,cca,punto,rate_mbit,qdisc,goodput_mbps,throughput_cliente_mbps,rtt_muestras,rtt_media_ms,rtt_mediana_ms,rtt_p95_ms,rtt_min_ms,rtt_max_ms,rtt_desv_ms,ce_entregadas,retransmisiones,aqm_enviados_pkt,aqm_descartes,bler_dl,mcs_dl,bler_ul,mcs_ul,sinr_db,rsrp_dbm,factor_escala,rtt_media_corregida_ms,pacing_tarde_pct,pacing_max_ms,pacing_reanclajes
p001_libre_ul_prague_2_rep03,libre_ul_prague_2,3,libre,uplink,prague,upf-eth0,2,dualpi2,1.8100,1.8100,109,45.5620,43.5600,62.9718,29.5310,72.6090,10.0597,1474,35,15303,291,0.0000,26.8083,0.0000,28,43.5108,-41.0000,0.4240,107.4501,,,
p002_libre_ul_prague_2_rep06,libre_ul_prague_2,6,libre,uplink,prague,upf-eth0,2,dualpi2,1.8100,1.8100,109,45.6519,43.9870,63.9940,30.1410,69.2630,9.7865,1453,59,15173,329,0.0000,26.8537,0.0000,28,43.5374,-41.0000,0.4216,108.2735,,,
p003_libre_ul_cubic_2_rep07,libre_ul_cubic_2,7,libre,uplink,cubic,upf-eth0,2,dualpi2,1.8100,1.8100,107,46.2762,44.9920,65.8944,30.3540,76.3090,10.2275,0,235,15219,460,0.0000,26.7355,0.0000,28,43.5678,-41.0000,0.4211,109.9010,,,
p004_libre_ul_prague_2_rep10,libre_ul_prague_2,10,libre,uplink,prague,upf-eth0,2,dualpi2,1.8100,1.8100,109,46.0096,45.4640,66.3630,30.1530,72.1350,9.7817,1480,26,15244,231,0.0000,26.4918,0.0000,28,43.5098,-41.0000,0.4215,109.1638,,,
p005_libre_ul_cubic_2_rep10,libre_ul_cubic_2,10,libre,uplink,cubic,upf-eth0,2,dualpi2,1.8100,1.8100,108,45.1656,43.6720,65.6015,27.6910,72.8100,10.1137,0,271,15402,512,0.0000,26.5197,0.0000,28,43.5488,-41.0000,0.4179,108.0662,,,
p006_libre_ul_prague_2_rep05,libre_ul_prague_2,5,libre,uplink,prague,upf-eth0,2,dualpi2,1.8100,1.8100,108,47.0149,45.9270,63.1778,27.5340,70.7770,10.0701,1455,31,15046,224,0.0000,26.6033,0.0000,28,43.5826,-41.0000,0.4239,110.9091,,,
p007_libre_ul_cubic_2_rep02,libre_ul_cubic_2,2,libre,uplink,cubic,upf-eth0,2,dualpi2,1.8200,1.8200,108,47.5004,47.3325,62.2821,31.0090,76.8410,9.1843,0,214,15051,399,0.0000,26.5868,0.0000,28,43.6256,-41.0000,0.4236,112.1235,,,
p008_libre_ul_cubic_2_rep04,libre_ul_cubic_2,4,libre,uplink,cubic,upf-eth0,2,dualpi2,1.8100,1.8100,108,45.7898,44.9570,61.1426,27.0720,72.1090,9.7516,0,269,15325,507,0.0000,26.3730,0.0000,28,43.5460,-41.0000,0.4175,109.6808,,,
p009_libre_ul_prague_2_rep01,libre_ul_prague_2,1,libre,uplink,prague,upf-eth0,2,dualpi2,1.8100,1.7800,110,45.4546,44.6495,62.1544,29.5270,67.3620,9.1097,1477,39,15076,274,0.0000,26.0556,0.0000,28,43.6151,-41.0000,0.4189,108.5020,,,
p010_libre_ul_prague_2_rep08,libre_ul_prague_2,8,libre,uplink,prague,upf-eth0,2,dualpi2,1.8100,1.8100,109,45.5837,45.2930,59.4408,29.6420,69.6340,8.2716,1454,34,15078,286,0.0000,26.4524,0.0000,28,43.4825,-41.0000,0.4165,109.4368,,,
p011_libre_ul_prague_2_rep02,libre_ul_prague_2,2,libre,uplink,prague,upf-eth0,2,dualpi2,1.8100,1.8100,109,45.4196,44.5610,58.3870,31.2040,70.2130,8.3686,1479,37,15047,286,0.0000,26.7724,0.0000,28,43.3545,-41.0000,0.4186,108.5007,,,
p012_libre_ul_cubic_2_rep09,libre_ul_cubic_2,9,libre,uplink,cubic,upf-eth0,2,dualpi2,1.8100,1.8100,108,48.0468,46.0555,68.3618,26.6950,84.9680,11.2422,0,228,15138,468,0.0000,26.9421,0.0000,28,43.6868,-41.0000,0.4231,113.5500,,,
p013_libre_ul_cubic_2_rep03,libre_ul_cubic_2,3,libre,uplink,cubic,upf-eth0,2,dualpi2,1.8100,1.8100,109,45.5412,44.8580,63.1740,28.4510,73.0990,9.4936,0,267,15668,503,0.0000,26.3387,0.0000,28,43.4742,-41.0000,0.4196,108.5233,,,
p014_libre_ul_prague_2_rep07,libre_ul_prague_2,7,libre,uplink,prague,upf-eth0,2,dualpi2,1.8100,1.8100,108,46.1437,45.1585,63.1731,30.8020,72.0830,9.2073,1399,10,14885,228,0.0000,26.3577,0.0000,28,43.5382,-41.0000,0.4174,110.5375,,,
p015_libre_ul_cubic_2_rep01,libre_ul_cubic_2,1,libre,uplink,cubic,upf-eth0,2,dualpi2,1.8100,1.8100,109,46.3380,46.0700,63.1050,29.1040,72.7210,9.3758,0,234,15338,494,0.0000,26.3306,0.0000,28,43.6032,-41.0000,0.4194,110.4854,,,
p016_libre_ul_cubic_2_rep08,libre_ul_cubic_2,8,libre,uplink,cubic,upf-eth0,2,dualpi2,1.8100,1.8100,108,48.0222,48.3350,67.3521,28.8600,83.7200,9.9544,0,222,15093,420,0.0000,26.9504,0.0000,28,43.4777,-41.0000,0.4201,114.3159,,,
p017_libre_ul_cubic_2_rep05,libre_ul_cubic_2,5,libre,uplink,cubic,upf-eth0,2,dualpi2,1.8200,1.8200,109,48.6445,48.0800,64.5536,31.8940,76.6270,9.3505,0,218,15164,410,0.0000,26.5081,0.0000,28,43.5960,-41.0000,0.4192,116.0489,,,
p018_libre_ul_cubic_2_rep06,libre_ul_cubic_2,6,libre,uplink,cubic,upf-eth0,2,dualpi2,1.8200,1.8200,109,47.8330,47.2670,67.7416,26.7990,82.5430,10.5677,0,247,15118,508,0.0000,26.4228,0.0000,28,43.5691,-41.0000,0.4209,113.6386,,,
p019_libre_ul_prague_2_rep04,libre_ul_prague_2,4,libre,uplink,prague,upf-eth0,2,dualpi2,1.8100,1.8100,110,46.2010,44.4495,63.0863,31.5840,74.1710,8.8536,1527,44,15200,312,0.0000,26.5610,0.0000,28,43.5976,-41.0000,0.4209,109.7799,,,
p020_libre_ul_prague_2_rep09,libre_ul_prague_2,9,libre,uplink,prague,upf-eth0,2,dualpi2,1.8100,1.8100,109,45.9931,44.9510,64.4566,27.3470,66.6310,8.9078,1508,42,15015,302,0.0000,26.4032,0.0000,28,43.5000,-41.0000,0.4199,109.5329,,,
p021_rt_ul_prague_2_rep06,rt_ul_prague_2,6,rt,uplink,prague,upf-eth0,2,dualpi2,1.7100,1.7100,108,58.0433,56.6985,74.1624,41.7190,87.7550,9.0318,1278,20,14371,138,0.0000,26.7885,0.0000,28,43.3442,-41.0000,1.0000,58.0430,0.1650,11.6000,0
p022_rt_ul_prague_2_rep08,rt_ul_prague_2,8,rt,uplink,prague,upf-eth0,2,dualpi2,1.7000,1.7000,107,58.2704,56.6450,80.6121,37.4910,99.4570,11.8039,1251,10,14103,130,0.0000,26.5000,0.0000,28,43.8038,-41.0000,1.0000,58.2703,0.0893,5.1000,0
p023_rt_ul_prague_2_rep03,rt_ul_prague_2,3,rt,uplink,prague,upf-eth0,2,dualpi2,1.7100,1.7100,109,58.4153,57.4730,73.4750,41.6410,82.2700,9.0931,1252,9,14318,103,0.0000,26.8627,0.0000,28,43.4804,-41.0000,1.0000,58.4155,0.1450,10.1000,0
p024_rt_ul_cubic_2_rep03,rt_ul_cubic_2,3,rt,uplink,cubic,upf-eth0,2,dualpi2,1.7300,1.7300,108,58.2058,56.9975,74.9460,38.7630,80.8770,9.6215,0,207,14531,357,0.0000,26.5577,0.0000,28,43.5096,-41.0000,1.0000,58.2058,0.0492,5.9000,0
p025_rt_ul_prague_2_rep10,rt_ul_prague_2,10,rt,uplink,prague,upf-eth0,2,dualpi2,1.7100,1.7100,107,58.4183,58.3810,72.7589,38.3430,84.1510,8.6536,1200,0,14057,70,0.0000,26.7647,0.0000,28,43.7529,-41.0000,1.0000,58.4183,0.1114,11.8000,0
p026_rt_ul_prague_2_rep02,rt_ul_prague_2,2,rt,uplink,prague,upf-eth0,2,dualpi2,1.7100,1.7100,108,56.8324,54.5895,73.9536,38.0100,81.5590,9.7312,1276,7,14166,136,0.0000,26.7500,0.0000,28,43.4269,-41.0000,1.0000,56.8326,0.0671,4.9000,0
p027_rt_ul_prague_2_rep05,rt_ul_prague_2,5,rt,uplink,prague,upf-eth0,2,dualpi2,1.7000,1.7000,109,57.3165,55.8750,74.4250,40.2860,93.4270,9.2687,1256,10,14139,133,0.0000,27.4510,0.0000,28,43.8412,-41.0000,1.0000,57.3166,0.1025,10.3000,0
p028_rt_ul_cubic_2_rep02,rt_ul_cubic_2,2,rt,uplink,cubic,upf-eth0,2,dualpi2,1.7400,1.7400,109,58.3635,57.7660,76.4846,37.2850,87.8500,10.0738,0,172,14578,264,0.0000,27,0.0000,28,43.5627,-41.0000,1.0000,58.3637,0.3075,5.8000,0
p029_rt_ul_cubic_2_rep04,rt_ul_cubic_2,4,rt,uplink,cubic,upf-eth0,2,dualpi2,1.7400,1.7400,107,58.5993,57.3770,74.8189,38.4750,81.1450,9.8915,0,164,14412,281,0.0000,26.8431,0.0000,28,43.6235,-41.0000,1.0000,58.5994,0.1271,11.0000,0
p030_rt_ul_cubic_2_rep10,rt_ul_cubic_2,10,rt,uplink,cubic,upf-eth0,2,dualpi2,1.7300,1.7300,107,58.6884,56.6240,74.4525,36.3210,84.9200,10.1008,0,161,14384,293,0.0000,27.1400,0.0000,28,43.4980,-41.0000,1.0000,58.6884,0.0486,3.2000,0
p031_rt_ul_prague_2_rep07,rt_ul_prague_2,7,rt,uplink,prague,upf-eth0,2,dualpi2,1.7000,1.7000,109,57.2203,54.6810,76.2950,40.1050,90.6020,10.4355,1291,14,14201,154,0.0000,26.5962,0.0000,28,43.4404,-41.0000,1.0000,57.2202,0.0967,4.2000,0
p032_rt_ul_cubic_2_rep05,rt_ul_cubic_2,5,rt,uplink,cubic,upf-eth0,2,dualpi2,1.7200,1.7200,109,57.4719,58.7070,74.1684,37.9990,89.4910,10.6100,0,205,14459,330,0.0000,26.6923,0.0000,28,43.6404,-41.0000,1.0000,57.4720,0.0933,3.3000,0
p033_rt_ul_prague_2_rep09,rt_ul_prague_2,9,rt,uplink,prague,upf-eth0,2,dualpi2,1.7100,1.7100,108,58.2424,56.9080,73.7627,40.6740,80.9250,8.5591,1238,12,14277,131,0.0000,27.3400,0.0000,28,43.5940,-41.0000,1.0000,58.2425,0.1229,6.7000,0
p034_rt_ul_cubic_2_rep08,rt_ul_cubic_2,8,rt,uplink,cubic,upf-eth0,2,dualpi2,1.7400,1.7400,109,57.9041,57.1320,75.0790,38.0180,83.9330,9.4731,0,190,14560,331,0.0000,26.5385,0.0000,28,43.4442,-41.0000,1.0000,57.9040,0.1150,10.2000,0
p035_rt_ul_cubic_2_rep06,rt_ul_cubic_2,6,rt,uplink,cubic,upf-eth0,2,dualpi2,1.7200,1.7200,109,58.0417,56.8500,75.8784,34.3840,92.0460,10.6077,0,182,14480,292,0.0000,26.8627,0.0000,28,43.5784,-41.0000,1.0000,58.0415,0.1033,6.8000,0
p036_rt_ul_cubic_2_rep07,rt_ul_cubic_2,7,rt,uplink,cubic,upf-eth0,2,dualpi2,1.7300,1.7300,109,58.7571,59.1110,77.8350,37.9000,95.4470,11.3754,0,168,14536,274,0.0000,26.8627,0.0000,28,43.3706,-41.0000,1.0000,58.7573,0.1358,9.1000,0
p037_rt_ul_prague_2_rep01,rt_ul_prague_2,1,rt,uplink,prague,upf-eth0,2,dualpi2,1.7100,1.7100,109,56.7648,55.9030,73.0434,38.8940,89.3470,9.1844,1293,12,14330,110,0.0000,26.5769,0.0000,28,43.5577,-41.0000,1.0000,56.7648,0.0693,3.0000,0
p038_rt_ul_cubic_2_rep01,rt_ul_cubic_2,1,rt,uplink,cubic,upf-eth0,2,dualpi2,1.7300,1.7300,107,58.5662,56.5640,80.0796,38.6160,85.9760,10.8345,0,155,14403,251,0.0000,27.0980,0.0000,28,43.2765,-41.0000,1.0000,58.5661,0.1043,7.8000,0
p039_rt_ul_prague_2_rep04,rt_ul_prague_2,4,rt,uplink,prague,upf-eth0,2,dualpi2,1.7100,1.7100,109,57.3017,54.6400,76.1464,40.9140,90.6810,9.8497,1291,27,14331,139,0.0000,27.3137,0.0000,28,43.5863,-41.0000,1.0000,57.3019,0.2308,10.0000,0
p040_rt_ul_cubic_2_rep09,rt_ul_cubic_2,9,rt,uplink,cubic,upf-eth0,2,dualpi2,1.7300,1.7300,109,57.6040,54.7910,79.6608,36.3530,85.6060,11.7854,0,204,14653,336,0.0000,26.9231,0.0000,28,43.6673,-41.0000,1.0000,57.6040,0.0983,4.6000,0
p041_cpu_ul_cubic_2_rep06,cpu_ul_cubic_2,6,cpu,uplink,cubic,upf-eth0,2,dualpi2,1.2000,1.2000,109,133.8153,97.8530,290.0264,41.8720,375.2460,82.8920,0,120,10404,201,0.0000,20.5275,0.0000,28,43.3440,-41.0000,0.5391,248.2043,,,
p042_cpu_ul_cubic_2_rep03,cpu_ul_cubic_2,3,cpu,uplink,cubic,upf-eth0,2,dualpi2,1.1200,1.1200,111,145.8368,125.6480,317.0860,41.3170,506.1980,91.2115,0,121,9894,210,0.0000,24.2784,0.0000,28,43.5505,-41.0000,0.5331,273.5546,,,
p043_cpu_ul_cubic_2_rep08,cpu_ul_cubic_2,8,cpu,uplink,cubic,upf-eth0,2,dualpi2,1.3400,1.3400,108,132.5222,84.5090,287.0297,41.7350,658.7710,109.9694,0,155,11410,276,0.0000,25.2111,0.0000,28,43.4600,-41.0000,0.5456,242.9056,,,
p044_cpu_ul_prague_2_rep04,cpu_ul_prague_2,4,cpu,uplink,prague,upf-eth0,2,dualpi2,1.2900,1.2900,109,137.5698,94.6390,372.7488,33.1240,448.8890,100.1965,988,53,11030,190,0.0000,24.5914,0.0000,28,43.4957,-41.0000,0.5367,256.3437,,,
p045_cpu_ul_cubic_2_rep10,cpu_ul_cubic_2,10,cpu,uplink,cubic,upf-eth0,2,dualpi2,1.2600,1.2600,108,145.2230,104.3635,339.1133,35.5030,568.3170,105.1390,0,107,10887,181,0.0000,22.0330,0.0000,28,43.6681,-41.0000,0.5444,266.7677,,,
p046_cpu_ul_prague_2_rep06,cpu_ul_prague_2,6,cpu,uplink,prague,upf-eth0,2,dualpi2,1.3100,1.3100,109,148.1076,83.4030,426.0612,40.9080,707.2570,145.6334,1025,30,11238,134,0.0000,23.5591,0.0000,28,43.6817,-41.0000,0.5392,274.6599,,,
p047_cpu_ul_cubic_2_rep04,cpu_ul_cubic_2,4,cpu,uplink,cubic,upf-eth0,2,dualpi2,1.3400,1.3400,110,111.0063,75.9075,252.7584,33.7570,440.2480,75.1069,0,116,11718,230,0.0000,25.1915,0.0000,28,43.4181,-41.0000,0.5444,203.9110,,,
p048_cpu_ul_prague_2_rep05,cpu_ul_prague_2,5,cpu,uplink,prague,upf-eth0,2,dualpi2,1.1800,1.1800,110,143.0989,118.8885,349.7848,34.6180,434.2990,94.2081,849,6,9887,111,0.0000,21.4059,0.0000,28,43.4010,-41.0000,0.5322,268.8896,,,
p049_cpu_ul_prague_2_rep03,cpu_ul_prague_2,3,cpu,uplink,prague,upf-eth0,2,dualpi2,1.3900,1.3800,108,116.0978,73.2150,331.1617,30.4980,455.5420,88.7620,972,9,11640,101,0.0000,24.7527,0.0000,28,43.4054,-41.0000,0.5395,215.1795,,,
p050_cpu_ul_prague_2_rep02,cpu_ul_prague_2,2,cpu,uplink,prague,upf-eth0,2,dualpi2,1.2700,1.2700,110,130.7951,97.8460,312.8137,34.3630,385.7700,84.5357,917,41,10946,151,0.0000,25.8710,0.0000,28,43.7656,-41.0000,0.5388,242.7738,,,
p051_cpu_ul_cubic_2_rep01,cpu_ul_cubic_2,1,cpu,uplink,cubic,upf-eth0,2,dualpi2,1.3100,1.3100,109,133.2380,91.7890,358.3284,39.8890,612.2970,103.4981,0,107,11301,198,0.0000,25.1000,0.0000,28,43.4356,-41.0000,0.5515,241.5856,,,
p052_cpu_ul_prague_2_rep09,cpu_ul_prague_2,9,cpu,uplink,prague,upf-eth0,2,dualpi2,1.2800,1.2700,111,121.4928,81.7920,306.0850,36.5480,535.0520,88.3134,909,3,10837,84,0.0000,23.9000,0.0000,28,43.5090,-41.0000,0.5074,239.4517,,,
p053_cpu_ul_prague_2_rep07,cpu_ul_prague_2,7,cpu,uplink,prague,upf-eth0,2,dualpi2,1.2100,1.2100,108,139.4470,93.4165,321.8901,33.6620,682.0190,108.7868,723,1,10143,72,0.0000,22.2553,0.0000,28,43.5287,-41.0000,0.5361,260.1067,,,
p054_cpu_ul_prague_2_rep01,cpu_ul_prague_2,1,cpu,uplink,prague,upf-eth0,2,dualpi2,1.2700,1.2700,109,125.8057,85.4240,276.0846,34.0870,563.4850,87.6902,898,27,10904,137,0.0000,24.5700,0.0000,28,43.4180,-41.0000,0.5250,239.6093,,,
p055_cpu_ul_cubic_2_rep07,cpu_ul_cubic_2,7,cpu,uplink,cubic,upf-eth0,2,dualpi2,1.1100,1.1000,109,173.9788,135.0920,403.5906,41.5410,563.9730,121.0280,0,79,9531,157,0.0000,21.6022,0.0000,28,43.3656,-41.0000,0.5366,324.2127,,,
p056_cpu_ul_prague_2_rep10,cpu_ul_prague_2,10,cpu,uplink,prague,upf-eth0,2,dualpi2,1.1200,1.1200,110,166.8854,153.4880,379.3246,42.3860,539.1390,105.0273,851,60,9813,185,0.0000,20.9796,0.0000,28,43.5388,-41.0000,0.5415,308.1882,,,
p057_cpu_ul_cubic_2_rep05,cpu_ul_cubic_2,5,cpu,uplink,cubic,upf-eth0,2,dualpi2,1.2100,1.2100,110,145.7952,88.6980,431.5585,26.4580,570.5180,126.4483,0,115,10672,240,0.0000,24.1800,0.0000,28,43.4340,-41.0000,0.5190,280.9093,,,
p058_cpu_ul_cubic_2_rep09,cpu_ul_cubic_2,9,cpu,uplink,cubic,upf-eth0,2,dualpi2,1.1400,1.1400,110,157.8253,120.7810,386.3330,34.9590,553.5660,110.7489,0,89,10267,144,0.0000,19.9263,0.0000,28,43.3716,-41.0000,0.5399,292.3005,,,
p059_cpu_ul_prague_2_rep08,cpu_ul_prague_2,8,cpu,uplink,prague,upf-eth0,2,dualpi2,1.2900,1.2900,111,138.8407,83.6210,341.0000,33.3070,677.5490,111.6575,922,18,10873,109,0.0000,25.5806,0.0000,28,43.4634,-41.0000,0.5459,254.3403,,,
p060_cpu_ul_cubic_2_rep02,cpu_ul_cubic_2,2,cpu,uplink,cubic,upf-eth0,2,dualpi2,1.2800,1.2800,110,123.6456,79.7290,316.6088,38.4060,586.5020,100.9842,0,108,11348,185,0.0000,22.0421,0.0000,28,43.4905,-41.0000,0.5353,230.9900,,,
