prueba,caso,modo,rep,intento,inicio,fin,valida,motivo
p001_c10_prague_r2_u40_rep02,c10_prague_r2_u40,rt,2,1,2026-10-03 15:25:29,2026-10-03 15:27:03,no,pacing_invalido tarde=15.40% reanclajes=0
p001_c10_prague_r2_u40_rep02,c10_prague_r2_u40,rt,2,2,2026-10-03 15:27:26,2026-10-03 15:28:59,no,pacing_invalido tarde=15.18% reanclajes=0
p001_c10_prague_r2_u40_rep02,c10_prague_r2_u40,rt,2,3,2026-10-03 15:29:23,2026-10-03 15:30:57,no,pacing_invalido tarde=16.45% reanclajes=0
p002_c10_prague_r4_u40_rep02,c10_prague_r4_u40,rt,2,1,2026-10-03 15:31:24,2026-10-03 15:32:57,no,pacing_invalido tarde=17.11% reanclajes=0
p002_c10_prague_r4_u40_rep02,c10_prague_r4_u40,rt,2,2,2026-10-03 15:33:21,2026-10-03 15:34:54,no,pacing_invalido tarde=17.07% reanclajes=0
p002_c10_prague_r4_u40_rep02,c10_prague_r4_u40,rt,2,3,2026-10-03 15:35:17,2026-10-03 15:36:51,no,pacing_invalido tarde=15.93% reanclajes=0
p003_c10_cubic_r50_rep03,c10_cubic_r50,rt,3,1,2026-10-03 15:37:18,2026-10-03 15:38:53,no,pacing_invalido tarde=20.08% reanclajes=0
p003_c10_cubic_r50_rep03,c10_cubic_r50,rt,3,2,2026-10-03 15:39:16,2026-10-03 15:40:51,no,pacing_invalido tarde=20.23% reanclajes=0
p003_c10_cubic_r50_rep03,c10_cubic_r50,rt,3,3,2026-10-03 15:41:14,2026-10-03 15:42:48,no,pacing_invalido tarde=20.44% reanclajes=0
p004_c10_prague_r2_u20_rep01,c10_prague_r2_u20,rt,1,1,2026-10-03 15:43:15,2026-10-03 15:44:49,no,pacing_invalido tarde=15.63% reanclajes=0
p004_c10_prague_r2_u20_rep01,c10_prague_r2_u20,rt,1,2,2026-10-03 15:45:12,2026-10-03 15:46:46,no,pacing_invalido tarde=16.30% reanclajes=0
p004_c10_prague_r2_u20_rep01,c10_prague_r2_u20,rt,1,3,2026-10-03 15:47:09,2026-10-03 15:48:42,no,pacing_invalido tarde=15.88% reanclajes=0
p005_c10_prague_r4_u20_rep02,c10_prague_r4_u20,rt,2,1,2026-10-03 15:49:09,2026-10-03 15:50:43,no,pacing_invalido tarde=16.28% reanclajes=0
p005_c10_prague_r4_u20_rep02,c10_prague_r4_u20,rt,2,2,2026-10-03 15:51:06,2026-10-03 15:52:40,no,pacing_invalido tarde=15.23% reanclajes=0
p005_c10_prague_r4_u20_rep02,c10_prague_r4_u20,rt,2,3,2026-10-03 15:53:03,2026-10-03 15:54:37,no,pacing_invalido tarde=16.54% reanclajes=0
p006_c10_prague_r2_u10_rep01,c10_prague_r2_u10,rt,1,1,2026-10-03 15:55:04,2026-10-03 15:56:37,no,pacing_invalido tarde=14.74% reanclajes=0
p006_c10_prague_r2_u10_rep01,c10_prague_r2_u10,rt,1,2,2026-10-03 15:57:00,2026-10-03 15:58:34,no,pacing_invalido tarde=14.97% reanclajes=0
p006_c10_prague_r2_u10_rep01,c10_prague_r2_u10,rt,1,3,2026-10-03 15:58:57,2026-10-03 16:00:31,no,pacing_invalido tarde=15.71% reanclajes=1
p007_c10_prague_r4_u40_rep03,c10_prague_r4_u40,rt,3,1,2026-10-03 16:00:58,2026-10-03 16:02:31,no,pacing_invalido tarde=16.14% reanclajes=0
p007_c10_prague_r4_u40_rep03,c10_prague_r4_u40,rt,3,2,2026-10-03 16:02:54,2026-10-03 16:04:28,no,pacing_invalido tarde=18.18% reanclajes=2
p007_c10_prague_r4_u40_rep03,c10_prague_r4_u40,rt,3,3,2026-10-03 16:04:51,2026-10-03 16:06:25,no,pacing_invalido tarde=15.91% reanclajes=0
p008_c10_prague_r4_u10_rep03,c10_prague_r4_u10,rt,3,1,2026-10-03 16:06:52,2026-10-03 16:08:25,no,pacing_invalido tarde=31.53% reanclajes=3
p008_c10_prague_r4_u10_rep03,c10_prague_r4_u10,rt,3,2,2026-10-03 16:08:49,2026-10-03 16:10:23,no,pacing_invalido tarde=93.83% reanclajes=110
p008_c10_prague_r4_u10_rep03,c10_prague_r4_u10,rt,3,3,2026-10-03 16:10:46,2026-10-03 16:13:21,no,pacing_invalido tarde=94.51% reanclajes=272
p009_c10_prague_r2_u40_rep01,c10_prague_r2_u40,rt,1,1,2026-10-03 16:14:56,2026-10-03 16:16:30,no,pacing_invalido tarde=14.99% reanclajes=0
p009_c10_prague_r2_u40_rep01,c10_prague_r2_u40,rt,1,2,2026-10-03 16:16:53,2026-10-03 16:18:27,no,pacing_invalido tarde=15.33% reanclajes=0
p009_c10_prague_r2_u40_rep01,c10_prague_r2_u40,rt,1,3,2026-10-03 16:18:50,2026-10-03 16:20:24,no,pacing_invalido tarde=16.30% reanclajes=0
p010_c10_prague_r50_u20_rep02,c10_prague_r50_u20,rt,2,1,2026-10-03 16:20:51,2026-10-03 16:22:24,no,pacing_invalido tarde=20.68% reanclajes=0
p010_c10_prague_r50_u20_rep02,c10_prague_r50_u20,rt,2,2,2026-10-03 16:22:47,2026-10-03 16:24:20,no,pacing_invalido tarde=20.90% reanclajes=0
p010_c10_prague_r50_u20_rep02,c10_prague_r50_u20,rt,2,3,2026-10-03 16:24:44,2026-10-03 16:26:17,no,pacing_invalido tarde=22.40% reanclajes=0
p011_c10_prague_r50_u20_rep03,c10_prague_r50_u20,rt,3,1,2026-10-03 16:26:44,2026-10-03 16:28:17,no,pacing_invalido tarde=22.35% reanclajes=0
p011_c10_prague_r50_u20_rep03,c10_prague_r50_u20,rt,3,2,2026-10-03 16:28:40,2026-10-03 16:30:13,no,pacing_invalido tarde=21.93% reanclajes=0
p011_c10_prague_r50_u20_rep03,c10_prague_r50_u20,rt,3,3,2026-10-03 16:30:37,2026-10-03 16:32:10,no,pacing_invalido tarde=21.07% reanclajes=0
p012_c10_prague_r4_u20_rep01,c10_prague_r4_u20,rt,1,1,2026-10-03 16:32:37,2026-10-03 16:34:10,no,pacing_invalido tarde=16.60% reanclajes=1
p012_c10_prague_r4_u20_rep01,c10_prague_r4_u20,rt,1,2,2026-10-03 16:34:34,2026-10-03 16:36:07,no,pacing_invalido tarde=16.84% reanclajes=0
p012_c10_prague_r4_u20_rep01,c10_prague_r4_u20,rt,1,3,2026-10-03 16:36:30,2026-10-03 16:38:04,no,pacing_invalido tarde=17.36% reanclajes=0
p013_c10_prague_r50_u0_rep03,c10_prague_r50_u0,rt,3,1,2026-10-03 16:38:31,2026-10-03 16:40:05,no,pacing_invalido tarde=22.02% reanclajes=0
p013_c10_prague_r50_u0_rep03,c10_prague_r50_u0,rt,3,2,2026-10-03 16:40:28,2026-10-03 16:42:03,no,pacing_invalido tarde=21.24% reanclajes=0
p013_c10_prague_r50_u0_rep03,c10_prague_r50_u0,rt,3,3,2026-10-03 16:42:26,2026-10-03 16:44:01,no,pacing_invalido tarde=21.14% reanclajes=0
p014_c10_cubic_r50_rep02,c10_cubic_r50,rt,2,1,2026-10-03 16:44:28,2026-10-03 16:46:02,no,pacing_invalido tarde=19.50% reanclajes=0
p014_c10_cubic_r50_rep02,c10_cubic_r50,rt,2,2,2026-10-03 16:46:26,2026-10-03 16:47:59,no,pacing_invalido tarde=19.09% reanclajes=0
p014_c10_cubic_r50_rep02,c10_cubic_r50,rt,2,3,2026-10-03 16:48:23,2026-10-03 16:49:58,no,pacing_invalido tarde=19.86% reanclajes=0
p015_c10_prague_r50_u20_rep01,c10_prague_r50_u20,rt,1,1,2026-10-03 16:50:25,2026-10-03 16:51:58,no,pacing_invalido tarde=22.15% reanclajes=0
p015_c10_prague_r50_u20_rep01,c10_prague_r50_u20,rt,1,2,2026-10-03 16:52:22,2026-10-03 16:53:55,no,pacing_invalido tarde=20.66% reanclajes=0
p015_c10_prague_r50_u20_rep01,c10_prague_r50_u20,rt,1,3,2026-10-03 16:54:19,2026-10-03 16:55:52,no,pacing_invalido tarde=21.68% reanclajes=0
p016_c10_prague_r2_u20_rep03,c10_prague_r2_u20,rt,3,1,2026-10-03 16:56:19,2026-10-03 16:57:52,no,pacing_invalido tarde=17.02% reanclajes=0
p016_c10_prague_r2_u20_rep03,c10_prague_r2_u20,rt,3,2,2026-10-03 16:58:16,2026-10-03 16:59:49,no,pacing_invalido tarde=15.30% reanclajes=1
p016_c10_prague_r2_u20_rep03,c10_prague_r2_u20,rt,3,3,2026-10-03 17:00:13,2026-10-03 17:01:47,no,pacing_invalido tarde=15.05% reanclajes=0
p017_c10_prague_r2_u40_rep03,c10_prague_r2_u40,rt,3,1,2026-10-03 17:02:14,2026-10-03 17:03:47,no,pacing_invalido tarde=14.66% reanclajes=0
p017_c10_prague_r2_u40_rep03,c10_prague_r2_u40,rt,3,2,2026-10-03 17:04:11,2026-10-03 17:05:45,no,pacing_invalido tarde=15.49% reanclajes=0
p017_c10_prague_r2_u40_rep03,c10_prague_r2_u40,rt,3,3,2026-10-03 17:06:08,2026-10-03 17:07:42,no,pacing_invalido tarde=15.05% reanclajes=0
p018_c10_prague_r2_u10_rep03,c10_prague_r2_u10,rt,3,1,2026-10-03 17:08:09,2026-10-03 17:09:42,no,pacing_invalido tarde=15.83% reanclajes=0
p018_c10_prague_r2_u10_rep03,c10_prague_r2_u10,rt,3,2,2026-10-03 17:10:06,2026-10-03 17:11:40,no,pacing_invalido tarde=15.95% reanclajes=0
p018_c10_prague_r2_u10_rep03,c10_prague_r2_u10,rt,3,3,2026-10-03 17:12:03,2026-10-03 17:13:37,no,pacing_invalido tarde=15.19% reanclajes=0
p019_c10_prague_r4_u40_rep01,c10_prague_r4_u40,rt,1,1,2026-10-03 17:14:04,2026-10-03 17:15:37,no,pacing_invalido tarde=16.44% reanclajes=1
p019_c10_prague_r4_u40_rep01,c10_prague_r4_u40,rt,1,2,2026-10-03 17:16:01,2026-10-03 17:17:34,no,pacing_invalido tarde=16.63% reanclajes=0
p019_c10_prague_r4_u40_rep01,c10_prague_r4_u40,rt,1,3,2026-10-03 17:17:58,2026-10-03 17:19:32,no,pacing_invalido tarde=16.22% reanclajes=0
p020_c10_cubic_r4_rep02,c10_cubic_r4,rt,2,1,2026-10-03 17:19:59,2026-10-03 17:21:38,no,pacing_invalido tarde=15.72% reanclajes=0
p020_c10_cubic_r4_rep02,c10_cubic_r4,rt,2,2,2026-10-03 17:22:02,2026-10-03 17:23:40,no,pacing_invalido tarde=16.24% reanclajes=0
p020_c10_cubic_r4_rep02,c10_cubic_r4,rt,2,3,2026-10-03 17:24:03,2026-10-03 17:25:42,no,pacing_invalido tarde=16.19% reanclajes=0
p021_c10_cubic_r2_rep03,c10_cubic_r2,rt,3,1,2026-10-03 17:26:09,2026-10-03 17:27:49,no,pacing_invalido tarde=17.42% reanclajes=0
p021_c10_cubic_r2_rep03,c10_cubic_r2,rt,3,2,2026-10-03 17:28:13,2026-10-03 17:29:59,no,pacing_invalido tarde=17.48% reanclajes=0
p021_c10_cubic_r2_rep03,c10_cubic_r2,rt,3,3,2026-10-03 17:30:22,2026-10-03 17:32:07,no,pacing_invalido tarde=16.10% reanclajes=0
p022_c10_cubic_r50_rep01,c10_cubic_r50,rt,1,1,2026-10-03 17:32:34,2026-10-03 17:34:09,no,pacing_invalido tarde=19.32% reanclajes=1
p022_c10_cubic_r50_rep01,c10_cubic_r50,rt,1,2,2026-10-03 17:34:32,2026-10-03 17:36:07,no,pacing_invalido tarde=19.38% reanclajes=0
p022_c10_cubic_r50_rep01,c10_cubic_r50,rt,1,3,2026-10-03 17:36:30,2026-10-03 17:38:05,no,pacing_invalido tarde=19.59% reanclajes=0
p023_c10_prague_r2_u10_rep02,c10_prague_r2_u10,rt,2,1,2026-10-03 17:38:32,2026-10-03 17:40:06,no,pacing_invalido tarde=15.35% reanclajes=0
p023_c10_prague_r2_u10_rep02,c10_prague_r2_u10,rt,2,2,2026-10-03 17:40:29,2026-10-03 17:42:03,no,pacing_invalido tarde=14.50% reanclajes=0
p023_c10_prague_r2_u10_rep02,c10_prague_r2_u10,rt,2,3,2026-10-03 17:42:27,2026-10-03 17:44:00,no,pacing_invalido tarde=16.87% reanclajes=0
p024_c10_prague_r50_u0_rep01,c10_prague_r50_u0,rt,1,1,2026-10-03 17:44:27,2026-10-03 17:46:03,no,pacing_invalido tarde=21.09% reanclajes=0
p024_c10_prague_r50_u0_rep01,c10_prague_r50_u0,rt,1,2,2026-10-03 17:46:26,2026-10-03 17:48:01,no,pacing_invalido tarde=20.49% reanclajes=0
p024_c10_prague_r50_u0_rep01,c10_prague_r50_u0,rt,1,3,2026-10-03 17:48:24,2026-10-03 17:49:59,no,pacing_invalido tarde=21.34% reanclajes=0
p025_c10_prague_r50_u10_rep01,c10_prague_r50_u10,rt,1,1,2026-10-03 17:50:26,2026-10-03 17:52:00,no,pacing_invalido tarde=21.08% reanclajes=0
p025_c10_prague_r50_u10_rep01,c10_prague_r50_u10,rt,1,2,2026-10-03 17:52:23,2026-10-03 17:53:57,no,pacing_invalido tarde=22.94% reanclajes=0
p025_c10_prague_r50_u10_rep01,c10_prague_r50_u10,rt,1,3,2026-10-03 17:54:20,2026-10-03 17:55:54,no,pacing_invalido tarde=21.61% reanclajes=0
p026_c10_cubic_r2_rep02,c10_cubic_r2,rt,2,1,2026-10-03 17:56:20,2026-10-03 17:58:06,no,pacing_invalido tarde=17.71% reanclajes=0
p026_c10_cubic_r2_rep02,c10_cubic_r2,rt,2,2,2026-10-03 17:58:29,2026-10-03 18:00:15,no,pacing_invalido tarde=16.75% reanclajes=1
p026_c10_cubic_r2_rep02,c10_cubic_r2,rt,2,3,2026-10-03 18:00:38,2026-10-03 18:02:24,no,pacing_invalido tarde=17.38% reanclajes=0
p027_c10_cubic_r4_rep01,c10_cubic_r4,rt,1,1,2026-10-03 18:02:51,2026-10-03 18:04:29,no,pacing_invalido tarde=16.18% reanclajes=0
p027_c10_cubic_r4_rep01,c10_cubic_r4,rt,1,2,2026-10-03 18:04:52,2026-10-03 18:06:31,no,pacing_invalido tarde=16.23% reanclajes=0
p027_c10_cubic_r4_rep01,c10_cubic_r4,rt,1,3,2026-10-03 18:06:54,2026-10-03 18:08:33,no,pacing_invalido tarde=16.02% reanclajes=0
p028_c10_prague_r4_u20_rep03,c10_prague_r4_u20,rt,3,1,2026-10-03 18:09:00,2026-10-03 18:10:34,no,pacing_invalido tarde=16.46% reanclajes=1
p028_c10_prague_r4_u20_rep03,c10_prague_r4_u20,rt,3,2,2026-10-03 18:10:57,2026-10-03 18:12:31,no,pacing_invalido tarde=16.47% reanclajes=0
p028_c10_prague_r4_u20_rep03,c10_prague_r4_u20,rt,3,3,2026-10-03 18:12:54,2026-10-03 18:14:29,no,pacing_invalido tarde=24.37% reanclajes=0
p029_c10_prague_r4_u10_rep01,c10_prague_r4_u10,rt,1,1,2026-10-03 18:14:56,2026-10-03 18:16:30,no,pacing_invalido tarde=16.99% reanclajes=0
p029_c10_prague_r4_u10_rep01,c10_prague_r4_u10,rt,1,2,2026-10-03 18:16:53,2026-10-03 18:18:28,no,pacing_invalido tarde=17.11% reanclajes=0
p029_c10_prague_r4_u10_rep01,c10_prague_r4_u10,rt,1,3,2026-10-03 18:18:51,2026-10-03 18:20:25,no,pacing_invalido tarde=17.43% reanclajes=0
p030_c10_cubic_r4_rep03,c10_cubic_r4,rt,3,1,2026-10-03 18:20:52,2026-10-03 18:22:31,no,pacing_invalido tarde=17.30% reanclajes=0
p030_c10_cubic_r4_rep03,c10_cubic_r4,rt,3,2,2026-10-03 18:22:55,2026-10-03 18:24:34,no,pacing_invalido tarde=16.70% reanclajes=0
p030_c10_cubic_r4_rep03,c10_cubic_r4,rt,3,3,2026-10-03 18:24:58,2026-10-03 18:26:36,no,pacing_invalido tarde=16.40% reanclajes=0
p031_c10_cubic_r2_rep01,c10_cubic_r2,rt,1,1,2026-10-03 18:27:03,2026-10-03 18:28:43,no,pacing_invalido tarde=17.42% reanclajes=0
p031_c10_cubic_r2_rep01,c10_cubic_r2,rt,1,2,2026-10-03 18:29:06,2026-10-03 18:30:47,no,pacing_invalido tarde=15.72% reanclajes=0
p031_c10_cubic_r2_rep01,c10_cubic_r2,rt,1,3,2026-10-03 18:31:11,2026-10-03 18:32:50,no,pacing_invalido tarde=16.27% reanclajes=0
p032_c10_prague_r2_u20_rep02,c10_prague_r2_u20,rt,2,1,2026-10-03 18:33:17,2026-10-03 18:34:51,no,pacing_invalido tarde=15.92% reanclajes=0
p032_c10_prague_r2_u20_rep02,c10_prague_r2_u20,rt,2,2,2026-10-03 18:35:15,2026-10-03 18:36:49,no,pacing_invalido tarde=16.20% reanclajes=0
p032_c10_prague_r2_u20_rep02,c10_prague_r2_u20,rt,2,3,2026-10-03 18:37:12,2026-10-03 18:38:47,no,pacing_invalido tarde=15.44% reanclajes=0
p033_c10_prague_r50_u10_rep02,c10_prague_r50_u10,rt,2,1,2026-10-03 18:39:14,2026-10-03 18:40:48,no,pacing_invalido tarde=22.05% reanclajes=0
p033_c10_prague_r50_u10_rep02,c10_prague_r50_u10,rt,2,2,2026-10-03 18:41:11,2026-10-03 18:42:46,no,pacing_invalido tarde=21.41% reanclajes=0
p033_c10_prague_r50_u10_rep02,c10_prague_r50_u10,rt,2,3,2026-10-03 18:43:09,2026-10-03 18:44:43,no,pacing_invalido tarde=22.22% reanclajes=0
p034_c10_prague_r4_u10_rep02,c10_prague_r4_u10,rt,2,1,2026-10-03 18:45:10,2026-10-03 18:46:44,no,pacing_invalido tarde=16.71% reanclajes=0
p034_c10_prague_r4_u10_rep02,c10_prague_r4_u10,rt,2,2,2026-10-03 18:47:07,2026-10-03 18:48:42,no,pacing_invalido tarde=16.54% reanclajes=0
p034_c10_prague_r4_u10_rep02,c10_prague_r4_u10,rt,2,3,2026-10-03 18:49:05,2026-10-03 18:50:39,no,pacing_invalido tarde=17.43% reanclajes=0
p035_c10_prague_r50_u0_rep02,c10_prague_r50_u0,rt,2,1,2026-10-03 18:51:06,2026-10-03 18:52:41,no,pacing_invalido tarde=21.61% reanclajes=0
p035_c10_prague_r50_u0_rep02,c10_prague_r50_u0,rt,2,2,2026-10-03 18:53:05,2026-10-03 18:54:41,no,pacing_invalido tarde=21.23% reanclajes=0
p035_c10_prague_r50_u0_rep02,c10_prague_r50_u0,rt,2,3,2026-10-03 18:55:04,2026-10-03 18:56:41,no,pacing_invalido tarde=21.24% reanclajes=0
p036_c10_prague_r50_u10_rep03,c10_prague_r50_u10,rt,3,1,2026-10-03 18:57:08,2026-10-03 18:58:42,no,pacing_invalido tarde=20.78% reanclajes=0
p036_c10_prague_r50_u10_rep03,c10_prague_r50_u10,rt,3,2,2026-10-03 18:59:05,2026-10-03 19:00:39,no,pacing_invalido tarde=20.68% reanclajes=0
p036_c10_prague_r50_u10_rep03,c10_prague_r50_u10,rt,3,3,2026-10-03 19:01:03,2026-10-03 19:02:37,no,pacing_invalido tarde=22.33% reanclajes=0
