prueba,caso,rep,modo,dir,cca,punto,rate_mbit,qdisc,goodput_mbps,throughput_cliente_mbps,rtt_muestras,rtt_media_ms,rtt_mediana_ms,rtt_p95_ms,rtt_min_ms,rtt_max_ms,rtt_desv_ms,ce_entregadas,retransmisiones,aqm_enviados_pkt,aqm_descartes,pacing_tarde_pct,pacing_max_ms,pacing_reanclajes,bler_dl,mcs_dl,bler_ul,mcs_ul,sinr_db,rsrp_dbm,factor_escala,rtt_media_corregida_ms
p001_dl_prague_sinlim_dualpi2upf_rep07,dl_prague_sinlim_dualpi2upf,7,rt,downlink,prague,upf-tun0,0,dualpi2,82.3000,82.3000,78,192.3560,183.7080,268.7959,45.8360,307.8670,39.1434,0,2390,431110,0,2.9378,12.9000,0,0.0000,26.9608,0.0000,28,45.0706,-41.0000,1.0000,192.3527
p002_ul_prague_sinlim_sinaqm_rep05,ul_prague_sinlim_sinaqm,5,rt,uplink,prague,ninguno,0,ninguno,33.9000,33.9000,78,570.6684,562.8130,703.1143,234.8110,783.5410,76.3376,0,1672,,,0.8128,99.1000,0,0.0000,27.2800,0.0000,28,44.0820,-41.0000,1.0000,570.6653
p003_ul_cubic_sinlim_sinaqm_rep02,ul_cubic_sinlim_sinaqm,2,rt,uplink,cubic,ninguno,0,ninguno,34.1000,34.1000,79,566.7145,561.3190,689.8572,302.3880,773.3100,71.4312,0,981,,,0.7921,100.1000,1,0.0000,27.0600,0.0000,28,44.4800,-41.0000,1.0000,566.7118
p004_ul_prague_sinlim_sinaqm_rep03,ul_prague_sinlim_sinaqm,3,rt,uplink,prague,ninguno,0,ninguno,33.8000,33.8000,78,563.4385,554.9380,682.6761,420.2790,822.0190,67.8451,0,1344,,,0.5486,100.1000,1,0.0000,26.9600,0.0000,28,44.2200,-41.0000,1.0000,563.4363
p005_ul_prague_sinlim_dualpi2upf_rep05,ul_prague_sinlim_dualpi2upf,5,rt,uplink,prague,upf-eth0,0,dualpi2,33.8000,33.8000,77,570.8210,557.0920,705.4926,259.4760,881.3360,78.4015,0,581,271489,0,0.4342,100.8000,1,0.0000,27.0600,0.0000,28,44.2640,-41.0000,1.0000,570.8215
p006_dl_cubic_sinlim_sinaqm_rep01,dl_cubic_sinlim_sinaqm,1,rt,downlink,cubic,ninguno,0,ninguno,82.3000,82.3000,77,202.2098,191.5200,270.5274,77.9080,305.5630,39.3638,0,3204,,,0.3158,10.3000,0,0.0000,26.9608,0.0000,28,44.8824,-41.0000,1.0000,202.2083
p007_dl_cubic_sinlim_sinaqm_rep07,dl_cubic_sinlim_sinaqm,7,rt,downlink,cubic,ninguno,0,ninguno,82.4000,82.4000,76,194.0196,190.5340,265.8607,135.9680,314.1130,32.9424,0,2266,,,0.1071,4.0000,0,0.0000,27.0800,0.0000,28,44.1500,-41.0000,1.0000,194.0164
p008_dl_prague_sinlim_dualpi2upf_rep10,dl_prague_sinlim_dualpi2upf,10,rt,downlink,prague,upf-tun0,0,dualpi2,81.7000,81.7000,76,201.1450,193.6205,288.9010,90.5120,308.2570,44.9924,0,3072,431736,0,0.2608,9.8000,0,0.0000,26.9216,0.0000,28,44.2765,-41.0000,1.0000,201.1395
p009_dl_prague_sinlim_sinaqm_rep06,dl_prague_sinlim_sinaqm,6,rt,downlink,prague,ninguno,0,ninguno,81.7000,81.6000,76,207.2984,196.2105,294.3807,56.9570,307.7640,41.6054,0,3099,,,0.1500,8.2000,0,0.0000,26.9804,0.0000,28,44.5706,-41.0000,1.0000,207.2904
p010_ul_prague_sinlim_sinaqm_rep08,ul_prague_sinlim_sinaqm,8,rt,uplink,prague,ninguno,0,ninguno,33.8000,33.8000,77,569.5449,556.9070,701.4098,388.3230,835.3270,70.7488,0,301,,,0.5092,100.2000,1,0.0000,27.1200,0.0000,28,44.3060,-41.0000,1.0000,569.5476
p011_ul_cubic_sinlim_dualpi2upf_rep01,ul_cubic_sinlim_dualpi2upf,1,rt,uplink,cubic,upf-eth0,0,dualpi2,34.1000,34.1000,77,552.8182,550.2790,676.0456,234.8790,829.0540,76.6115,0,982,258196,0,0.5114,101.2000,1,0.0000,26.9216,0.0000,28,44.3941,-41.0000,1.0000,552.8201
p012_ul_cubic_sinlim_sinaqm_rep10,ul_cubic_sinlim_sinaqm,10,rt,uplink,cubic,ninguno,0,ninguno,34.1000,34.1000,78,550.8655,545.5815,672.4065,269.3100,793.9380,67.7271,0,1102,,,0.5472,100.6000,1,0.0000,27.2200,0.0000,28,44.5400,-41.0000,1.0000,550.8681
p013_dl_cubic_sinlim_dualpi2upf_rep09,dl_cubic_sinlim_dualpi2upf,9,rt,downlink,cubic,upf-tun0,0,dualpi2,82.3000,82.3000,78,202.7234,193.3525,277.2978,62.0540,314.8060,41.1410,0,3453,431709,0,1.2625,9.9000,0,0.0000,27.1600,0.0000,28,44.7260,-41.0000,1.0000,202.7235
p014_dl_cubic_sinlim_dualpi2upf_rep08,dl_cubic_sinlim_dualpi2upf,8,rt,downlink,cubic,upf-tun0,0,dualpi2,82.3000,82.3000,78,204.1897,194.5050,267.4671,92.4790,279.4400,34.6270,0,3291,432178,0,0.5428,4.9000,0,0.0000,26.9216,0.0000,28,44.4412,-41.0000,1.0000,204.1857
p015_ul_prague_sinlim_dualpi2upf_rep01,ul_prague_sinlim_dualpi2upf,1,rt,uplink,prague,upf-eth0,0,dualpi2,34.1000,34.1000,78,596.5675,594.5455,746.5406,351.8670,789.8340,104.8327,0,394,267649,0,0.5977,101.0000,1,0.0000,26.9216,0.0000,28,44.4120,-41.0000,1.0000,596.5670
p016_dl_cubic_sinlim_dualpi2upf_rep06,dl_cubic_sinlim_dualpi2upf,6,rt,downlink,cubic,upf-tun0,0,dualpi2,82.3000,82.3000,77,205.8239,198.0140,274.4612,87.7360,307.1150,38.4489,0,3343,431882,0,1.1457,5.5000,0,0.0000,27.2000,0.0000,28,44.3260,-41.0000,1.0000,205.8252
p017_dl_prague_sinlim_dualpi2upf_rep09,dl_prague_sinlim_dualpi2upf,9,rt,downlink,prague,upf-tun0,0,dualpi2,81.7000,81.6000,77,208.9056,195.8710,298.1812,117.4020,318.5480,40.8691,0,3376,432404,0,1.5208,5.7000,0,0.0000,27.1000,0.0000,28,44.3180,-41.0000,1.0000,208.8965
p018_dl_cubic_sinlim_dualpi2upf_rep07,dl_cubic_sinlim_dualpi2upf,7,rt,downlink,cubic,upf-tun0,0,dualpi2,82.3000,82.3000,77,207.3748,195.6470,289.4918,139.5220,312.2680,37.9900,0,3172,431700,0,0.6164,8.6000,0,0.0000,27.0600,0.0000,28,44.1780,-41.0000,1.0000,207.3764
p019_ul_cubic_sinlim_dualpi2upf_rep03,ul_cubic_sinlim_dualpi2upf,3,rt,uplink,cubic,upf-eth0,0,dualpi2,34.1000,34.1000,78,576.4571,575.8235,729.2933,202.9170,863.7340,91.9725,0,1076,259916,0,0.4928,100.9000,1,0.0000,26.9216,0.0000,28,44.1588,-41.0000,1.0000,576.4580
p020_dl_prague_sinlim_sinaqm_rep02,dl_prague_sinlim_sinaqm,2,rt,downlink,prague,ninguno,0,ninguno,82.3000,82.3000,77,202.0244,187.6820,267.5224,128.2860,321.8150,37.1458,0,3020,,,1.4300,12.6000,0,0.0000,27.1600,0.0000,28,44.5200,-41.0000,1.0000,202.0223
p021_ul_prague_sinlim_dualpi2upf_rep08,ul_prague_sinlim_dualpi2upf,8,rt,uplink,prague,upf-eth0,0,dualpi2,33.8000,33.8000,77,578.8803,557.7330,738.3764,428.7740,819.0030,77.5307,0,1608,275547,0,0.5676,101.2000,1,0.0000,27.1600,0.0000,28,43.9100,-41.0000,1.0000,578.8776
p022_ul_cubic_sinlim_sinaqm_rep07,ul_cubic_sinlim_sinaqm,7,rt,uplink,cubic,ninguno,0,ninguno,34.1000,34.1000,78,631.6663,601.0070,833.7290,304.0010,916.7660,110.0182,0,868,,,0.5529,100.2000,1,0.0000,27.0400,0.0000,28,44.0200,-41.0000,1.0000,631.6688
p023_dl_cubic_sinlim_sinaqm_rep09,dl_cubic_sinlim_sinaqm,9,rt,downlink,cubic,ninguno,0,ninguno,82.4000,82.3000,77,203.5698,191.9520,278.5880,112.3140,293.7670,37.5802,0,2802,,,0.6228,13.9000,0,0.0000,26.8600,0.0000,28,44.5980,-41.0000,1.0000,203.5720
p024_ul_cubic_sinlim_sinaqm_rep01,ul_cubic_sinlim_sinaqm,1,rt,uplink,cubic,ninguno,0,ninguno,34.1000,34.1000,79,601.8141,583.6410,748.0710,399.5680,862.0880,88.1849,0,1021,,,0.5926,100.2000,1,0.0000,26.8235,0.0000,28,44.3784,-41.0000,1.0000,601.8195
p025_ul_prague_sinlim_dualpi2upf_rep03,ul_prague_sinlim_dualpi2upf,3,rt,uplink,prague,upf-eth0,0,dualpi2,34.1000,34.1000,78,555.6665,573.6530,787.0095,267.3810,886.7500,125.8433,0,427,268494,0,0.5064,100.0000,1,0.0000,27.1400,0.0000,28,44.7320,-41.0000,1.0000,555.6669
p026_dl_prague_sinlim_dualpi2upf_rep08,dl_prague_sinlim_dualpi2upf,8,rt,downlink,prague,upf-tun0,0,dualpi2,81.7000,81.7000,77,208.6754,197.0970,277.6172,154.8710,312.3560,36.7725,0,3012,432402,0,4.5570,8.0000,0,0.0000,26.8200,0.0000,28,44.3060,-41.0000,1.0000,208.6694
p027_ul_prague_sinlim_sinaqm_rep10,ul_prague_sinlim_sinaqm,10,rt,uplink,prague,ninguno,0,ninguno,33.9000,33.9000,78,579.9587,566.9765,689.2741,409.6760,831.0490,68.1552,0,1377,,,0.7664,95.5000,0,0.0000,27.0784,0.0000,28,44.1451,-41.0000,1.0000,579.9601
p028_dl_prague_sinlim_dualpi2upf_rep02,dl_prague_sinlim_dualpi2upf,2,rt,downlink,prague,upf-tun0,0,dualpi2,81.6000,81.6000,76,209.6107,197.2490,291.7948,133.8810,312.6940,38.5976,0,3225,431432,0,0.4458,8.4000,0,0.0000,27.2200,0.0000,28,44.4400,-41.0000,1.0000,209.6119
p029_dl_prague_sinlim_sinaqm_rep04,dl_prague_sinlim_sinaqm,4,rt,downlink,prague,ninguno,0,ninguno,62.8000,62.8000,77,17.3765,17.2610,25.2292,11.7260,29.5460,3.4989,0,2174,,,0.6367,6.7000,0,0.0000,27.1600,0.0000,28,44.6880,-41.0000,1.0000,17.3766
p030_ul_cubic_sinlim_dualpi2upf_rep07,ul_cubic_sinlim_dualpi2upf,7,rt,uplink,cubic,upf-eth0,0,dualpi2,34.1000,34.1000,78,560.7204,552.3460,695.0272,245.7880,839.4030,74.3556,0,1194,260242,0,0.4821,101.5000,1,0.0000,27.0600,0.0000,28,44.2060,-41.0000,1.0000,560.7243
p031_ul_prague_sinlim_sinaqm_rep06,ul_prague_sinlim_sinaqm,6,rt,uplink,prague,ninguno,0,ninguno,33.9000,33.9000,77,612.7393,609.0520,761.6218,258.2150,830.3240,92.8716,0,84,,,0.7293,87.4000,0,0.0000,27.3000,0.0000,28,44.4500,-41.0000,1.0000,612.7340
p032_dl_cubic_sinlim_dualpi2upf_rep05,dl_cubic_sinlim_dualpi2upf,5,rt,downlink,cubic,upf-tun0,0,dualpi2,82.4000,82.3000,78,208.3393,200.4030,275.8087,77.8360,298.1010,37.8320,0,3718,432798,0,0.6216,5.7000,0,0.0000,27.0588,0.0000,28,44.8804,-41.0000,1.0000,208.3379
p033_dl_cubic_sinlim_dualpi2upf_rep01,dl_cubic_sinlim_dualpi2upf,1,rt,downlink,cubic,upf-tun0,0,dualpi2,82.4000,82.3000,77,208.8565,198.6300,286.0780,111.9570,303.5850,37.7422,0,3473,432193,0,0.1007,3.0000,0,0.0000,27.3800,0.0000,28,44.2140,-41.0000,1.0000,208.8557
p034_ul_prague_sinlim_dualpi2upf_rep06,ul_prague_sinlim_dualpi2upf,6,rt,uplink,prague,upf-eth0,0,dualpi2,34.1000,34.1000,77,558.2930,555.7790,682.9154,271.5520,794.5130,67.4186,0,599,269326,0,0.5379,100.4000,1,0.0000,27.3200,0.0000,28,44.2100,-41.0000,1.0000,558.2965
p035_ul_cubic_sinlim_sinaqm_rep09,ul_cubic_sinlim_sinaqm,9,rt,uplink,cubic,ninguno,0,ninguno,34.1000,34.1000,79,546.5713,543.1910,699.7030,210.3730,781.5220,79.5112,0,1179,,,0.5043,100.5000,1,0.0000,27.0800,0.0000,28,44.6460,-41.0000,1.0000,546.5760
p036_dl_prague_sinlim_sinaqm_rep10,dl_prague_sinlim_sinaqm,10,rt,downlink,prague,ninguno,0,ninguno,82.3000,82.3000,76,208.8765,195.5560,289.0480,146.3740,313.3630,38.0710,0,2639,,,0.2425,4.2000,0,0.0000,26.9400,0.0000,28,44.2380,-41.0000,1.0000,208.8786
p037_ul_cubic_sinlim_dualpi2upf_rep09,ul_cubic_sinlim_dualpi2upf,9,rt,uplink,cubic,upf-eth0,0,dualpi2,34.1000,34.1000,78,580.9362,577.0725,722.2871,401.0750,866.2770,76.0537,0,822,259238,0,0.6030,101.6000,1,0.0000,26.8039,0.0000,28,44.3353,-41.0000,1.0000,580.9378
p038_dl_cubic_sinlim_sinaqm_rep10,dl_cubic_sinlim_sinaqm,10,rt,downlink,cubic,ninguno,0,ninguno,82.3000,82.3000,78,202.6542,193.7465,283.1979,66.8410,310.3510,41.1699,0,3322,,,0.4828,5.2000,0,0.0000,27.0400,0.0000,28,44.3000,-41.0000,1.0000,202.6544
p039_dl_prague_sinlim_sinaqm_rep03,dl_prague_sinlim_sinaqm,3,rt,downlink,prague,ninguno,0,ninguno,82.3000,82.3000,77,205.3846,196.1420,276.7354,86.9170,307.2220,38.0461,0,3186,,,0.6033,10.2000,0,0.0000,26.8800,0.0000,28,44.3780,-41.0000,1.0000,205.3782
p040_dl_cubic_sinlim_dualpi2upf_rep02,dl_cubic_sinlim_dualpi2upf,2,rt,downlink,cubic,upf-tun0,0,dualpi2,82.3000,82.3000,76,206.5936,196.5185,283.6425,147.8500,311.3060,36.4297,0,3144,431773,0,1.4075,4.5000,0,0.0000,26.8200,0.0000,28,44.3760,-41.0000,1.0001,206.5818
p041_dl_cubic_sinlim_sinaqm_rep06,dl_cubic_sinlim_sinaqm,6,rt,downlink,cubic,ninguno,0,ninguno,82.3000,82.3000,77,192.9544,176.1270,287.5518,124.3250,301.9780,47.1364,0,3530,,,0.8264,8.5000,0,0.0000,26.7255,0.0000,28,44.4725,-41.0000,1.0000,192.9617
p042_dl_cubic_sinlim_sinaqm_rep02,dl_cubic_sinlim_sinaqm,2,rt,downlink,cubic,ninguno,0,ninguno,82.3000,82.3000,76,178.0346,170.8320,280.1575,46.3160,303.4050,53.8130,0,2870,,,0.5700,7.6000,0,0.0000,26.7059,0.0000,28,44.5882,-41.0000,1.0000,178.0357
p043_dl_prague_sinlim_sinaqm_rep09,dl_prague_sinlim_sinaqm,9,rt,downlink,prague,ninguno,0,ninguno,82.3000,82.3000,77,204.0267,192.6600,278.0198,61.7950,307.0220,41.3679,0,3112,,,0.5593,9.9000,0,0.0000,26.7255,0.0000,28,44.1529,-41.0000,1.0000,204.0315
p044_ul_cubic_sinlim_dualpi2upf_rep10,ul_cubic_sinlim_dualpi2upf,10,rt,uplink,cubic,upf-eth0,0,dualpi2,34.1000,34.1000,78,556.1451,548.8535,697.7452,325.1150,863.1350,76.2987,0,510,259705,0,0.5164,100.8000,1,0.0000,27.0588,0.0000,28,44.0765,-41.0000,1.0000,556.1444
p045_dl_cubic_sinlim_sinaqm_rep04,dl_cubic_sinlim_sinaqm,4,rt,downlink,cubic,ninguno,0,ninguno,82.3000,82.3000,77,202.4706,193.3860,272.5632,79.9500,299.0610,37.2197,0,3272,,,1.0257,11.7000,0,0.0000,27.2600,0.0000,28,44.6040,-41.0000,1.0000,202.4664
p046_ul_cubic_sinlim_dualpi2upf_rep04,ul_cubic_sinlim_dualpi2upf,4,rt,uplink,cubic,upf-eth0,0,dualpi2,34.1000,34.1000,78,579.9858,580.7140,723.2081,184.6280,907.2850,84.7779,0,679,260135,0,0.5880,100.3000,1,0.0000,27,0.0000,28,44.6039,-41.0000,1.0000,579.9856
p047_dl_prague_sinlim_sinaqm_rep08,dl_prague_sinlim_sinaqm,8,rt,downlink,prague,ninguno,0,ninguno,82.3000,82.3000,77,202.1576,192.9490,269.6512,115.7600,312.0940,39.3462,0,2749,,,0.6636,6.4000,0,0.0000,27.1800,0.0000,28,44.4840,-41.0000,1.0000,202.1578
p048_ul_cubic_sinlim_sinaqm_rep04,ul_cubic_sinlim_sinaqm,4,rt,uplink,cubic,ninguno,0,ninguno,34.1000,34.1000,78,621.8693,604.7180,787.0147,380.4590,831.4550,94.9984,0,917,,,0.5818,101.9000,1,0.0000,26.9412,0.0000,28,44.3529,-41.0000,1.0000,621.8734
p049_ul_prague_sinlim_dualpi2upf_rep04,ul_prague_sinlim_dualpi2upf,4,rt,uplink,prague,upf-eth0,0,dualpi2,33.9000,33.8000,79,558.3728,546.2700,700.7500,448.8590,870.0240,69.1856,0,843,273404,0,0.5222,101.3000,1,0.0000,27.3400,0.0000,28,44.7340,-41.0000,1.0000,558.3701
p050_dl_prague_sinlim_sinaqm_rep05,dl_prague_sinlim_sinaqm,5,rt,downlink,prague,ninguno,0,ninguno,81.7000,81.6000,77,208.0439,196.8640,276.8028,126.0630,315.6430,37.2584,0,3043,,,1.1193,10.8000,0,0.0000,26.7647,0.0000,28,45.0863,-41.0000,1.0000,208.0479
p051_dl_prague_sinlim_dualpi2upf_rep05,dl_prague_sinlim_dualpi2upf,5,rt,downlink,prague,upf-tun0,0,dualpi2,81.8000,81.7000,77,200.7380,191.2320,272.4930,88.6450,304.9990,38.1943,0,2898,432017,0,0.4028,8.9000,0,0.0000,27.2600,0.0000,28,44.2220,-41.0000,1.0000,200.7405
p052_dl_cubic_sinlim_sinaqm_rep05,dl_cubic_sinlim_sinaqm,5,rt,downlink,cubic,ninguno,0,ninguno,82.3000,82.3000,77,203.2605,192.0340,277.2688,82.0310,300.6230,38.8530,0,3037,,,0.2350,4.3000,0,0.0000,27.2800,0.0000,28,44.8440,-41.0000,1.0000,203.2570
p053_ul_prague_sinlim_dualpi2upf_rep02,ul_prague_sinlim_dualpi2upf,2,rt,uplink,prague,upf-eth0,0,dualpi2,34.1000,34.1000,78,538.4509,530.9630,675.4370,309.4150,792.9320,67.5254,0,899,269052,0,0.5551,100.1000,1,0.0000,27.1400,0.0000,28,44.4920,-41.0000,1.0000,538.4560
p054_ul_cubic_sinlim_dualpi2upf_rep05,ul_cubic_sinlim_dualpi2upf,5,rt,uplink,cubic,upf-eth0,0,dualpi2,34.1000,34.1000,77,549.3713,545.4620,683.8476,283.3090,797.8300,71.0670,0,1588,259657,0,0.6811,100.1000,1,0.0000,27.0400,0.0000,28,43.9220,-41.0000,1.0000,549.3683
p055_dl_prague_sinlim_dualpi2upf_rep06,dl_prague_sinlim_dualpi2upf,6,rt,downlink,prague,upf-tun0,0,dualpi2,82.3000,82.3000,77,209.7880,196.7450,282.6544,148.2980,314.4100,37.0007,0,3618,432425,0,1.1933,8.5000,0,0.0000,27.0200,0.0000,28,44.1300,-41.0000,1.0000,209.7908
p056_ul_prague_sinlim_sinaqm_rep02,ul_prague_sinlim_sinaqm,2,rt,uplink,prague,ninguno,0,ninguno,33.8000,33.8000,78,564.7200,555.1460,709.2520,264.0390,889.4220,87.4678,0,1196,,,0.6527,100.8000,1,0.0000,26.9804,0.0000,28,44.3176,-41.0000,1.0000,564.7187
p057_dl_prague_sinlim_sinaqm_rep01,dl_prague_sinlim_sinaqm,1,rt,downlink,prague,ninguno,0,ninguno,81.7000,81.6000,77,202.1033,192.7530,270.2738,96.6340,308.8100,37.6864,0,2946,,,0.8558,4.6000,0,0.0000,27,0.0000,28,44.5882,-41.0000,1.0000,202.1006
p058_ul_prague_sinlim_sinaqm_rep07,ul_prague_sinlim_sinaqm,7,rt,uplink,prague,ninguno,0,ninguno,33.8000,33.8000,79,564.0515,556.6570,695.8653,310.6740,878.0350,78.0960,0,1166,,,0.6945,100.3000,1,0.0000,27.1400,0.0000,28,44.0460,-41.0000,1.0000,564.0541
p059_dl_cubic_sinlim_sinaqm_rep08,dl_cubic_sinlim_sinaqm,8,rt,downlink,cubic,ninguno,0,ninguno,82.4000,82.4000,77,201.6516,194.6280,273.8392,23.1300,307.0000,41.9264,0,3336,,,0.8341,11.4000,0,0.0000,27.2800,0.0000,28,44.3880,-41.0000,1.0000,201.6510
p060_ul_cubic_sinlim_sinaqm_rep05,ul_cubic_sinlim_sinaqm,5,rt,uplink,cubic,ninguno,0,ninguno,34.1000,34.1000,77,542.3563,532.9480,678.2484,392.5450,829.8810,70.2259,0,1494,,,0.5079,100.6000,1,0.0000,27.1600,0.0000,28,44.5300,-41.0000,1.0000,542.3618
p061_ul_cubic_sinlim_dualpi2upf_rep02,ul_cubic_sinlim_dualpi2upf,2,rt,uplink,cubic,upf-eth0,0,dualpi2,34.1000,34.1000,78,529.3439,526.0355,684.4351,236.5930,768.6890,78.3899,0,2186,260618,0,0.5609,100.4000,1,0.0000,26.7255,0.0000,28,44.1569,-41.0000,1.0000,529.3414
p062_ul_prague_sinlim_dualpi2upf_rep07,ul_prague_sinlim_dualpi2upf,7,rt,uplink,prague,upf-eth0,0,dualpi2,34.1000,34.1000,77,582.0299,576.6440,723.2518,369.7420,814.8040,69.0583,0,744,271831,0,0.5443,100.0000,1,0.0000,26.8039,0.0000,28,44.2765,-41.0000,1.0000,582.0260
p063_dl_cubic_sinlim_dualpi2upf_rep10,dl_cubic_sinlim_dualpi2upf,10,rt,downlink,cubic,upf-tun0,0,dualpi2,82.3000,82.3000,77,208.2550,195.3000,288.2016,136.4950,301.3740,38.0088,0,3137,431409,0,2.7913,7.8000,0,0.0000,27.2400,0.0000,28,44.0800,-41.0000,1.0000,208.2487
p064_dl_cubic_sinlim_dualpi2upf_rep04,dl_cubic_sinlim_dualpi2upf,4,rt,downlink,cubic,upf-tun0,0,dualpi2,82.3000,82.3000,77,209.1522,196.8770,292.2292,148.0120,303.4480,37.2053,0,3126,432206,0,2.9199,12.4000,0,0.0000,27.0400,0.0000,28,44.5360,-41.0000,1.0000,209.1566
p065_ul_prague_sinlim_sinaqm_rep01,ul_prague_sinlim_sinaqm,1,rt,uplink,prague,ninguno,0,ninguno,34.1000,34.1000,77,536.8655,537.3030,686.2626,121.8100,819.6610,87.6111,0,681,,,0.5977,101.3000,1,0.0000,26.7843,0.0000,28,44.2725,-41.0000,1.0000,536.8640
p066_ul_cubic_sinlim_dualpi2upf_rep06,ul_cubic_sinlim_dualpi2upf,6,rt,uplink,cubic,upf-eth0,0,dualpi2,34.1000,34.1000,79,589.7710,572.4700,771.0962,339.3350,908.1500,97.5035,0,1958,265350,0,0.6152,101.1000,1,0.0000,27.4898,0.0000,28,44.2204,-41.0000,1.0000,589.7693
p067_ul_prague_sinlim_dualpi2upf_rep10,ul_prague_sinlim_dualpi2upf,10,rt,uplink,prague,upf-eth0,0,dualpi2,34.1000,34.1000,77,502.8712,530.2150,681.0466,182.8870,777.1370,107.6089,0,1960,268956,0,0.5386,100.1000,1,0.0000,26.8431,0.0000,28,44.2627,-41.0000,1.0000,502.8618
p068_ul_prague_sinlim_sinaqm_rep04,ul_prague_sinlim_sinaqm,4,rt,uplink,prague,ninguno,0,ninguno,34.1000,34.1000,77,489.3447,512.4150,663.6176,325.1840,779.1010,103.1427,0,762,,,0.6227,100.0000,1,0.0000,26.7255,0.0000,28,44.5020,-41.0000,1.0000,489.3451
p070_ul_cubic_sinlim_sinaqm_rep03,ul_cubic_sinlim_sinaqm,3,rt,uplink,cubic,ninguno,0,ninguno,34.1000,34.1000,78,553.6377,545.8765,678.2042,429.5190,771.5490,64.1121,0,1616,,,0.4950,100.9000,1,0.0000,26.7255,0.0000,28,44.4020,-41.0000,1.0000,553.6303
p071_dl_prague_sinlim_sinaqm_rep07,dl_prague_sinlim_sinaqm,7,rt,downlink,prague,ninguno,0,ninguno,82.3000,82.3000,77,186.3036,173.7680,296.9730,110.7210,309.0750,52.7509,0,3099,,,4.0315,11.5000,0,0.0000,26.8627,0.0000,28,44.4706,-41.0000,1.0000,186.3049
p072_ul_prague_sinlim_dualpi2upf_rep09,ul_prague_sinlim_dualpi2upf,9,rt,uplink,prague,upf-eth0,0,dualpi2,33.8000,33.8000,79,556.7527,521.3100,765.3204,379.3280,820.4910,98.7887,0,860,270484,0,0.5150,100.6000,1,0.0000,27.3400,0.0000,28,44.4360,-41.0000,1.0000,556.7488
p073_dl_prague_sinlim_dualpi2upf_rep01,dl_prague_sinlim_dualpi2upf,1,rt,downlink,prague,upf-tun0,0,dualpi2,81.6000,81.6000,77,197.2330,194.9830,256.2306,145.9620,285.6650,27.1893,0,1954,430332,0,1.0257,9.5000,0,0.0000,26.8235,0.0000,28,44.2725,-41.0000,1.0000,197.2312
p074_ul_cubic_sinlim_dualpi2upf_rep08,ul_cubic_sinlim_dualpi2upf,8,rt,uplink,cubic,upf-eth0,0,dualpi2,34.1000,34.1000,78,562.7413,556.2660,698.8981,209.1590,823.7130,77.3218,0,1040,258120,0,0.5609,101.1000,1,0.0000,27.0588,0.0000,28,44.0902,-41.0000,1.0000,562.7316
p075_dl_prague_sinlim_dualpi2upf_rep04,dl_prague_sinlim_dualpi2upf,4,rt,downlink,prague,upf-tun0,0,dualpi2,82.3000,82.3000,77,204.7880,194.2850,284.4048,25.8030,296.5020,42.7472,0,3585,432564,0,2.3857,9.6000,0,0.0000,26.8627,0.0000,28,44.1922,-41.0000,1.0000,204.7856
p076_ul_cubic_sinlim_sinaqm_rep06,ul_cubic_sinlim_sinaqm,6,rt,uplink,cubic,ninguno,0,ninguno,34.1000,34.1000,77,551.2689,550.3670,674.5832,120.2030,806.7720,80.5281,0,1594,,,0.6027,100.5000,1,0.0000,27.4286,0.0000,28,44.3102,-41.0000,1.0000,551.2667
p077_dl_cubic_sinlim_sinaqm_rep03,dl_cubic_sinlim_sinaqm,3,rt,downlink,cubic,ninguno,0,ninguno,80.3000,80.3000,77,102.1432,43.5160,264.9980,13.9100,274.0110,87.1053,0,2514,,,4.4834,10.5000,0,0.0000,26.9600,0.0000,28,44.5500,-41.0000,0.9999,102.1492
p078_ul_prague_sinlim_sinaqm_rep09,ul_prague_sinlim_sinaqm,9,rt,uplink,prague,ninguno,0,ninguno,34.2000,34.2000,78,555.0771,549.1820,705.5422,237.5530,793.6780,83.4766,0,1238,,,0.7878,97.2000,0,0.0000,26.9216,0.0000,28,44.1961,-41.0000,1.0000,555.0764
p080_ul_cubic_sinlim_sinaqm_rep08,ul_cubic_sinlim_sinaqm,8,rt,uplink,cubic,ninguno,0,ninguno,34.1000,34.1000,77,551.2412,544.2470,689.2814,315.1260,849.8900,73.9731,0,2241,,,0.5894,100.2000,1,0.0000,27.2800,0.0000,28,43.9540,-41.0000,1.0000,551.2386
