p003_ul_cubic_sinlim_sinaqm_rep02,1,0.79,1
p004_ul_prague_sinlim_sinaqm_rep03,1,0.55,1
p005_ul_prague_sinlim_dualpi2upf_rep05,1,0.43,1
p010_ul_prague_sinlim_sinaqm_rep08,1,0.51,1
p011_ul_cubic_sinlim_dualpi2upf_rep01,1,0.51,1
p012_ul_cubic_sinlim_sinaqm_rep10,1,0.55,1
p015_ul_prague_sinlim_dualpi2upf_rep01,1,0.60,1
p019_ul_cubic_sinlim_dualpi2upf_rep03,1,0.49,1
p021_ul_prague_sinlim_dualpi2upf_rep08,1,0.57,1
p022_ul_cubic_sinlim_sinaqm_rep07,1,0.55,1
p024_ul_cubic_sinlim_sinaqm_rep01,1,0.59,1
p025_ul_prague_sinlim_dualpi2upf_rep03,1,0.51,1
p030_ul_cubic_sinlim_dualpi2upf_rep07,1,0.48,1
p034_ul_prague_sinlim_dualpi2upf_rep06,1,0.54,1
p035_ul_cubic_sinlim_sinaqm_rep09,1,0.50,1
p037_ul_cubic_sinlim_dualpi2upf_rep09,1,0.60,1
p044_ul_cubic_sinlim_dualpi2upf_rep10,1,0.52,1
p046_ul_cubic_sinlim_dualpi2upf_rep04,1,0.59,1
p048_ul_cubic_sinlim_sinaqm_rep04,1,0.58,1
p049_ul_prague_sinlim_dualpi2upf_rep04,1,0.52,1
p053_ul_prague_sinlim_dualpi2upf_rep02,1,0.56,1
p054_ul_cubic_sinlim_dualpi2upf_rep05,1,0.68,1
p056_ul_prague_sinlim_sinaqm_rep02,1,0.65,1
p058_ul_prague_sinlim_sinaqm_rep07,1,0.69,1
p060_ul_cubic_sinlim_sinaqm_rep05,1,0.51,1
p061_ul_cubic_sinlim_dualpi2upf_rep02,1,0.56,1
p062_ul_prague_sinlim_dualpi2upf_rep07,1,0.54,1
p065_ul_prague_sinlim_sinaqm_rep01,1,0.60,1
p066_ul_cubic_sinlim_dualpi2upf_rep06,1,0.62,1
p067_ul_prague_sinlim_dualpi2upf_rep10,1,0.54,1
p068_ul_prague_sinlim_sinaqm_rep04,1,0.62,1
p070_ul_cubic_sinlim_sinaqm_rep03,1,0.49,1
p072_ul_prague_sinlim_dualpi2upf_rep09,1,0.52,1
p074_ul_cubic_sinlim_dualpi2upf_rep08,1,0.56,1
p076_ul_cubic_sinlim_sinaqm_rep06,1,0.60,1
p080_ul_cubic_sinlim_sinaqm_rep08,1,0.59,1
